comments@softrockradio.net, 
listener_services@kbach.org, 
Radiolargavida@gmail.com, 
rcrdeaguaviva@gmail.com, 
comment@1069thefox.com, 
hot1071fm@gmail.com, 
wjlxremote@gmail.com, 
info@zerobeat.zone, 
thefish@thefishatlanta.com, 
@Ledisi, 
Johnny Randolph's Top 5 @ 5, 
info@miamioneradio.com, 
Publicfilecontact@radio-one.com, 
john@theroots.fm, 
info@kwip.com, 
studio@wjmj.org, 
dj@kbon.com, 
hank@ibxmedia.com, 
njsunriseradio@gmail.com, 
mail@polskifm.live, 
radio@houseAttack.co, 
info@wgmd.com, 
Glenn.Johnson@Cumulus.com, 
pmcdaniel@harrisonburgradiogroup.com, 
ROBINLYNNEMABIN@GMAIL.COM, 
mcfadden-michael@sbcglobal.net, 
sonideraradio@gmail.com, 
jimmy.steele@cumulus.com, 
Info@LazerBroadcasting.com, 
mail@wamc.org, 
billr@radiopeople.net, 
studio@wnko.com, 
info@vietradio.com, 
djplay@live.com, 
requests@jammin943.com, 
musikmann@cleansingmusic.com, 
lowcountryradio@gmail.com, 
office@eaglemediagroup.net, 
brian.demay@cumulus.com, 
z93laredo@kjbz.com, 
rpeters@bluewaterbroadcasting.com, 
iieclipsemoon@gmail.com, 
connect@christianfm.com, 
info@fadefm.com, 
Jim@KRVR.com, 
power983az@gmail.com, 
info@power88lv.com, 
rpeters@bluewaterbroadcasting.com, 
radioguitarone@gmail.com, 
latinmixmasters@gmail.com, 
curtisnewland@basbroadcasting.com, 
rockstudio@rock108.com, 
wkit@zoneradio.com, 
tmartin@forevermediainc.com, 
info@konpaagogo.com, 
sloan@purerock.com, 
musikmann@cleansingmusic.com, 
remigio228@gmail.com, 
jose.fierros@rinconbroadcasting.com, 
Bachatapueblo1@gmail.com, 
info@newstalkstl.com, 
bobby.d@cumulus.com, 
radiobachatacristianafm@gmail.com, 
Info@LazerBroadcasting.com, 
mgodard@sscdaytona.com, 
voiceofpunjabradio@gmail.com, 
news@wbfo.org, 
Terrie.Carr@bbgi.com, 
oldiesradiolive365@gmail.com, 
quinn.echols@alphamediausa.com, 
craig.swimm@entercom.com, 
lkelly@rcrg.net, 
powerhitz@powerhitz.com, 
rumbaatlanta@hotmail.com, 
The Hip Hop Lounge with Nick @ Nite, 
info@laleyradio.com, 
captchris@wlde.com, 
news@953mnc.com, 
carlosnewmandj@gmail.com, 
Keith@brewermediagroup.com, 
webmaster@TheClassicalStation.org, 
faq@afa.net, 
laradiodelcompadre@gmail.com, 
mrgrasso@hallradio.net, 
sharris@radio-one.com, 
globalrnb@gmail.com, 
info@am590theanswer.com, 
gospelmusicexplosion@gmail.com, 
contacto@jesusradio.fm, 
engage@nprillinois.org, 
socialmedia@q106dot5.com, 
djpajaroherrera@gmail.com, 
it@rendabroadcasting.com, 
chadwrde@yahoo.com, 
info@sangeetradio.com, 
radiorockuk@yahoo.com, 
radioguitarone@gmail.com, 
comments@spirit1053.com, 
info@radioamerica.net, 
unitedradiofm@gmail.com, 
ecuadorradiousa@gmail.com, 
360dj@wbru.com, 
laxpurosexitos@gmail.com, 
justine.mccomb@entercom.com, 
radiostereolatino@gmail.com, 
mgunn@lotusfresno.com, 
athompsonjr@ccc.edu, 
ismael3r22@gmail.com, 
lapicositasaladigital@gmail.com, 
emayans@kcmt.com, 
news@vpr.net, 
employment@wccpfm.com, 
thelight@ktlf.org, 
wagrradio@att.net, 
info@BigBlueSwing.com, 
jmathews@blackcrow.fm, 
wvxu@wvxu.org, 
psa@walkradio.com, 
lajefanet@outlook.com, 
contactus@113.fm, 
listener_services@kjzz.org, 
info@fadefm.com, 
Djgeminis11_@msn.com, 
kingmasterboricuapr@gmail.com, 
shepura@gmail.com, 
admin@srsounds.com, 
Matt.Knight@bbgi.com, 
wfae@wfae.org, 
hogstudio@radio731.com, 
wpor@wpor.com, 
wxkj@newtoncommunications.org, 
contact@coolfmcny.com, 
wsvw@newtoncommunications.org, 
kxel@kxel.com, 
dpoore@beach985.com, 
ask@gpb.org, 
dmehall@shamrocknepa.com, 
promotions@gocountry105.com, 
lajefa1059fm@gmail.com, 
chuck@foxsportsshoals.com, 
james.kurdziel@cumulus.com, 
webmaster@klty.com, 
bachata106@aol.com, 
info@lamexicanaradio.com, 
dan@goodnewssoutherngospel.com, 
jill@wklc.com, 
studio@kuvo.org, 
chemple@aol.com, 
kgmi@kgmi.com, 
info@teamsoca.com, 
dot.ealy@cumulus.com, 
radiocatolicawgua981@hotmail.com, 
legal@kaff.com, 
dstuckey@curtismedia.com, 
oyentes@lavallenata.net, 
andradecarrascocarlos@gmail.com, 
-------------
fiestacaribe@gmail.com, 
info@feyesperanza.org, 
info@jazzradio.info, 
christian@espncoastal.com, 
michael@hitson66.com, 
KTSO Totally Awesome 80s @ 100.9, 
mail@kalx.berkeley.edu, 
salsaoneradio@gmail.com, 
info@violentforcesradio.com, 
webmaster@wrnr.com, 
matt.raback@cumulus.com, 
Radio@tjsla.com, 
jward@thebayonline.com, 
rpeters@bluewaterbroadcasting.com, 
christianliferadiostation@gmail.com, 
askus@krock.com, 
apsradio@protonmail.com, 
info@945lv.com, 
rvazquez508@gmail.com, 
info@fadefm.com, 
contact@1027dabomb.net, 
rumbaatlanta@hotmail.com, 
info@989bull.com, 
dancehitsamerica@gmail.com, 
wordfm@salempittsburgh.com, 
sharris@radio-one.com, 
ksbn@ksbn.net, 
comments@am570theanswer.com, 
sales@wdkx.com, 
ethan@989wclz.com, 
wuwm@uwm.edu, 
requests@wprb.com, 
djq@alphamediausa.com, 
spierce@flagstaffsbestradio.com, 
socialmedia@wfyi.org, 
brian.davis@pointbroadcastingllc.com, 
ventas@ritmo1019.com, 
rags51682@aol.com, 
publicfilecontact@radio-one.com, 
radiolaexplosivadeny@gmail.com, 
info@fadefm.com, 
info@laz1310.com, 
mlandess@radio-one.com, 
station@wmuz.com, 
radiofreecalifornia@outlook.com, 
victoregarcia@hotmail.com, 
radio@honduras504.com, 
nick@wtar.com, 
markwhite@blueberrybroadcasting.com, 
hmazer@radio-one.com, 
dkarwowski@hubbardradio.com, 
tropicaliaradio@gmail.com, 
ricklopez@flkeysmedia.com, 
bbarker@wdefradio.com, 
info@freefmradio.eu, 
chris.james@cumulus.com, 
programdirector@wvnn.com, 
inforadio70@musicmixx.com, 
tmartin@forevermediainc.com, 
----
info@konpaagogo.com, 
sloan@purerock.com, 
musikmann@cleansingmusic.com, 
remigio228@gmail.com, 
jose.fierros@rinconbroadcasting.com, 
Bachatapueblo1@gmail.com, 
info@newstalkstl.com, 
bobby.d@cumulus.com, 
radiobachatacristianafm@gmail.com, 
Info@LazerBroadcasting.com, 
mgodard@sscdaytona.com, 
voiceofpunjabradio@gmail.com, 
news@wbfo.org, 
Terrie.Carr@bbgi.com, 
oldiesradiolive365@gmail.com, 
quinn.echols@alphamediausa.com, 
craig.swimm@entercom.com, 
lkelly@rcrg.net, 
powerhitz@powerhitz.com, 
rumbaatlanta@hotmail.com, 
The Hip Hop Lounge with Nick @ Nite, 
info@laleyradio.com, 
captchris@wlde.com, 
news@953mnc.com, 
carlosnewmandj@gmail.com, 
Keith@brewermediagroup.com, 
webmaster@TheClassicalStation.org, 
faq@afa.net, 
laradiodelcompadre@gmail.com, 
mrgrasso@hallradio.net, 
sharris@radio-one.com, 
globalrnb@gmail.com, 
info@am590theanswer.com, 
gospelmusicexplosion@gmail.com, 
contacto@jesusradio.fm, 
engage@nprillinois.org, 
socialmedia@q106dot5.com, 
djpajaroherrera@gmail.com, 
it@rendabroadcasting.com, 
chadwrde@yahoo.com, 
info@sangeetradio.com, 
radiorockuk@yahoo.com, 
radioguitarone@gmail.com, 
comments@spirit1053.com, 
info@radioamerica.net, 
unitedradiofm@gmail.com, 
ecuadorradiousa@gmail.com, 
360dj@wbru.com, 
laxpurosexitos@gmail.com, 
justine.mccomb@entercom.com, 
radiostereolatino@gmail.com, 
mgunn@lotusfresno.com, 
athompsonjr@ccc.edu, 
ismael3r22@gmail.com, 
lapicositasaladigital@gmail.com, 
emayans@kcmt.com, 
news@vpr.net, 
employment@wccpfm.com, 
thelight@ktlf.org, 
wagrradio@att.net, 
info@BigBlueSwing.com, 
jmathews@blackcrow.fm, 
wvxu@wvxu.org, 
psa@walkradio.com, 
lajefanet@outlook.com, 
contactus@113.fm, 
listener_services@kjzz.org, 
info@fadefm.com, 
Djgeminis11_@msn.com, 
kingmasterboricuapr@gmail.com, 
shepura@gmail.com, 
admin@srsounds.com, 
Matt.Knight@bbgi.com, 
wfae@wfae.org, 
hogstudio@radio731.com, 
wpor@wpor.com, 
wxkj@newtoncommunications.org, 
contact@coolfmcny.com, 
wsvw@newtoncommunications.org, 
kxel@kxel.com, 
dpoore@beach985.com, 
ask@gpb.org, 
dmehall@shamrocknepa.com, 
promotions@gocountry105.com, 
lajefa1059fm@gmail.com, 
chuck@foxsportsshoals.com, 
james.kurdziel@cumulus.com, 
webmaster@klty.com, 
bachata106@aol.com, 
info@lamexicanaradio.com, 
dan@goodnewssoutherngospel.com, 
jill@wklc.com, 
studio@kuvo.org, 
chemple@aol.com, 
kgmi@kgmi.com, 
info@teamsoca.com, 
dot.ealy@cumulus.com, 
radiocatolicawgua981@hotmail.com, 
legal@kaff.com, 
dstuckey@curtismedia.com, 
oyentes@lavallenata.net, 
andradecarrascocarlos@gmail.com,
fiestacaribe@gmail.com, 
info@feyesperanza.org, 
info@jazzradio.info, 
christian@espncoastal.com, 
michael@hitson66.com, 
KTSO Totally Awesome 80s @ 100.9, 
mail@kalx.berkeley.edu, 
salsaoneradio@gmail.com, 
info@violentforcesradio.com, 
webmaster@wrnr.com, 
matt.raback@cumulus.com, 
Radio@tjsla.com, 
jward@thebayonline.com, 
rpeters@bluewaterbroadcasting.com, 
christianliferadiostation@gmail.com, 
askus@krock.com, 
apsradio@protonmail.com, 
info@945lv.com, 
rvazquez508@gmail.com, 
info@fadefm.com, 
contact@1027dabomb.net, 
rumbaatlanta@hotmail.com, 
info@989bull.com, 
dancehitsamerica@gmail.com, 
wordfm@salempittsburgh.com, 
sharris@radio-one.com, 
ksbn@ksbn.net, 
comments@am570theanswer.com, 
sales@wdkx.com, 
ethan@989wclz.com, 
wuwm@uwm.edu, 
requests@wprb.com, 
djq@alphamediausa.com, 
spierce@flagstaffsbestradio.com, 
socialmedia@wfyi.org, 
brian.davis@pointbroadcastingllc.com, 
ventas@ritmo1019.com, 
rags51682@aol.com, 
publicfilecontact@radio-one.com, 
radiolaexplosivadeny@gmail.com, 
info@fadefm.com, 
info@laz1310.com, 
mlandess@radio-one.com, 
station@wmuz.com, 
radiofreecalifornia@outlook.com, 
victoregarcia@hotmail.com, 
radio@honduras504.com, 
nick@wtar.com, 
markwhite@blueberrybroadcasting.com, 
hmazer@radio-one.com, 
dkarwowski@hubbardradio.com, 
tropicaliaradio@gmail.com, 
ricklopez@flkeysmedia.com, 
bbarker@wdefradio.com, 
info@freefmradio.eu, 
chris.james@cumulus.com, 
programdirector@wvnn.com, 
inforadio70@musicmixx.com, 
tmartin@forevermediainc.com, 
tommylee@wqsb.com, 
knxfm93@gmail.com, 
wpgp@salempittsburgh.com, 
wtwx@wtwx.com, 
Chris.Moreau@cumulus.com, 
comment@kunc.org, 
luvradioflix@gmail.com, 
anilgoyal.me@gmail.com, 
gena.wilfong@cumulus.com, 
icar@cox.net, 
sarah.jordan@alphamediausa.com, 
937thex@gmail.com, 
dacklin@wqed.org, 
info@solmartmedia.com, 
produccioneslevien@gmail.com, 
djtalento@gmail.com, 
musica@tallylatinradio.com, 
jonathan@jacksonville.radio, 
lamaquinamusicalmx@gmail.com, 
Halley@brbdigital.com, 
radioguitarone@gmail.com, 
12companerosdelcamino@gmail.com, 
danm@kixi.com, 
Lajunglaurbanaradio@gmail.com, 
aa@doubleavo.com, 
info@wyab.com, 
dparker@us1061.com, 
Worship95@Audilous.com, 
info@pittsburghcommunitybroadcasting.org, 
chanel.carrasco@cumulus.com, 
info@atlblaze.com, 
info@espnhonolulu.com, 
radiolaunion2020@gmail.com, 
edwin.brand@icloud.com, 
wyso@wyso.org, 
info@590kid.com, 
contact@Rewind977.com, 
contactus@theanswerportland.com, 
remanentetx@gmail.com, 
email@wjpa.com, 
anilgoyal.me@gmail.com, 
Steve.Smith@cumulus.com, 
bbarker@wdefradio.com, 
info@wysu.org, 
sharris@radio-one.com, 
tracy@thevoiceradionetwork.com, 
pastoresmelendez@outlook.com, 
MusicRadioNow247@gmail.com, 
mail@hawaiipublicradio.org, 
feedback@csnradio.com, 
requests@jdfoxxradio.com, 
legal@kaff.com, 
CBB: Ohio State @ (5) Michigan, 
jb706713@gmail.com, 
miller@929wbpm.com, 
LFM@fbxradio.com, 
elizabeth.dunn@cumulus.com, 
viktor@kbear.fm, 

