Trap City Radio live,yspbroadcasting@gmail.com
KNBR The Sports Leader 680 AM live,sports@knbr.com
90's Hits - Hits Radio live,jeff.bachmeier@hitsradio.com
KPLX 99.5 The Wolf FM live,comments@995thewolf.com
93.5 KDAY FM live,jbanks@power106.com
80's Hits - Hits Radio live,KTSO Totally Awesome 80s @ 100.9
Hits Radio Hip Hop / RnB live,jeff.bachmeier@hitsradio.com
KGMZ 95.7 The Game FM (US Only) live,thegame@957thegame.com
Hot Dance Radio live,circuitodanceradiofm@gmail.com
Classic Rock 92.9 KISM live,kism@kism.com
CLASSIC HITS RADIO (USA) live,write@classichits.radio
KMRB 1430 AM live,am1430.net@gmail.com
WWOZ New Orleans 90.7 FM live,feedback@wwoz.org
WNYC AM 820 live,press@wnyc.org
KJLH Radio Free 102.3 FM live,keslade@kjlhradio.com
WBAL News Radio 1090 AM live,news@wbal.com
Free Classic Rock Radio live,admin@freeclassicrockradio.com
WAQI Radio Mambï¿½ 710 AM (US Only) live,raycruz@univision.net
WFDR Streetz 94.5 FM live,streetz945atl@gmail.com
KSFO 560 AM live,ksfostaff@yahoo.com
More FM 98.9 live,contenidos@cbc.com.mx
KUPD 97.9 FM (US Only) live,info@98kupd.com
Nexus Radio Dance live,nexus@nexus.radio
TalkRadio 790 KABC live,compliance@kabc.com
KIWI Radio Lobo 102.9 FM live,digital@lotusbakersfield.com
WJR NewsTalk 760 WJR live,keith.bosworth@cumulus.com
The Rick and Bubba Show live,support@rickandbubba.com
KKJZ KJazz 88.1 FM live,info881@kkjz.org
KUOW 94.9 FM live,letters@kuow.org
Oldies Hits - Hits Radio live,jeff.bachmeier@hitsradio.com
KXL Newsradio KXL 101FM/750AM live,bruce.collins@alphamediausa.com
Power of Worship Radio live,info@powerofworship.net
WBGO Jazz 88.3 FM live,swilliams@wbgo.org
Pop New York live,popnewyork1@gmail.com
WBEZ 91.5 FM live,info@wbez.org
KVMX La Ranchera live,kurt@lotusradio.com
WBAV V 101.9 FM live,Bill.Schoening@bbgi.com
Radio Jazz live,castilloj80@msn.com
70s Great Hits live,70sgreathits@earthlink.net
New Wave Radio live,info@newwave.radio
KLOK La Tricolor 99.5 FM live,promociones995@gmail.com
Country - Hits Radio live,jeff.bachmeier@hitsradio.com
Musica Cristiana Internacional live,admin@musicacristianainternacional.com
WYCT Cat Country 98.7 live,thecat@catcountry987.com
WWIN Magic 95.9 FM live,hmazer@radio-one.com
The Disco Planet live,info@thediscoplanet.com
KHIT Exitos 107.1 FM live,vcantu@lotusfresno.com
Sleep FM live,sleepfmradio@yahoo.com
KKXA Classic Country 1520 live,everettpostnews@krko.com
KING Classical King 98.1 FM live,feedback@king.org
WKXI Kixie 107.5 FM live,stan.branson@alphamediausa.com
Surf Shack Radio live,biff@surfshackradio.com
Comedy - Hits Radio live,jeff.bachmeier@hitsradio.com
WDTK The Patriot live,contact@salemdetroit.com
TRAP RADIO TRAP.radio live,trapradioonlytrapmusic@gmail.com
987JAMZ 24/7 HipHop N' R&B live,playmyjamz@987Jamz.com
G Radio NY live,joselarcos@optonline.net
WVEE V-103 (US Only) live,reggie.rouse@entercom.com
109JAMZ 24/7 Old School HipHop N' R&B live,playmyjamz@k109jamz.com
KSKS 93.7 Kiss Country FM live,info@ksks.com
WDCB Jazz & Blues 90.9 FM live,info@wdcb.org
RelaxingJazz.com - Smooth Jazz live,6. Paul Taylor - Friday@5
WBOS ROCK 92.9 FM live,rock929@wbos.com
Smooth Jazz live,castilloj80@gmail.com
WCPT 820 AM live,web@newswebradio.net
Adult Hits - Hits Radio live,jeff.bachmeier@hitsradio.com
WWTN SuperTalk 99.7 FM live,allison.warren@cumulus.com
Old Deep House Music live,radio@deeplink.stream
KBLX R&B 102.9 FM live,rvelez@bonneville.com
WAMJ Majic 107.5 and 97.5 live,dsweet@radio-one.com
Planet Hip Hop (MRG.fm) live,info@planet.hiphop
KLNZ La Tricolor 103.5 FM live,fsainz@entravision.com
WDRV 97.1 The Drive live,Ten @ 10
"ATL Blaze Old School Throwback Jamz Atlanta, GA - FadeFM.com live",russhaney@gmail.com
KMLA La M 103.7 FM live,Gerardo@lam1037.com
KSDS Jazz 88.3 FM live,info@jazz88.org
Rock N Roll Oldies Radio live,howdy@rnroldies.com
93.1 WIBC live,hello@wibc.com
KTAR News-Talk 92.3 FM live,webmaster@ktar.com
KXSE La Suavecita 104.3 FM live,slopez@entravision.com
96.3 KSCS live,comments@NewCountry963.com
WCBM Talkradio 680 AM live,mbeaven680@yahoo.com
Journey-Radio Christian live,admin@journey-radio.com
Rock n' Roll Radio live,info@rocknroll.radio
homefm80.8 live,feel the music ...variety's love songs and more... @ home ka dito
WNIS News Talk 790 AM (US Only) live,emily@wnis.com
WPLR 99.1 PLR (US Only) live,drew.carrano@connoisseurct.com
Alternative - Hits Radio live,jeff.bachmeier@hitsradio.com
KCRW News live,Don't @ Me with Justin Simien
KQMV Movin 92.5 FM (US Only) live,info@movin925.com
Rincon Chido Radio live,RINCONCHIDORADIO@GMAIL.COM
All Anime Radio live,ydotr100@gmail.com
All Oldies 247 live,admin@alloldies247.com
WBNS The Fan 97.1 FM live,promotions@971thefan.com
Chicago's Comedy Scene Radio live,tony@chicagoscomedyscene.com
Yacht Rock Miami live,info@yachtrockmiami.com
93.9 WKYS (US Only) live,kentkramer@radio-one.com
WIYY 98 Rock 97.9 FM live,studio@98online.com
The Original Crooner Radio live,dj@croonerradio.com
WOKV 690AM / 104.5FM NewsTalk live,news@wokv.com
KSFV-CD Guadalupe Radio live,contigo@guadaluperadio.com
KPFA 94.1 FM live,comments@kpfa.org
WOSF 105.3 RnB live,Publicfilecontact@radio-one.com
Red State Talk Radio live,feedback@redstatetalkradio.com
Ukulele Island live,alohajoe@alohajoe.com
WERQ-FM 92Q Jams (US Only) live,hmazer@radio-one.com
24-7 Smooth Jazz live,nicheradio247@gmail.com
KKOH News Talk 780 AM live,info@kkoh.com
KAJM Mega 104.3 FM live,michael.mallace@sierrrah.com
WBQT Hot 96.9 FM (US Only) live,smorello@hot969boston.com
KDVA / KVVA La Suavecita 106.9 / 107.1 FM live,dapostalides@entravision.com
560 WGAN live,wgan@560wgan.com
Cadena Dance USA live,aplicacionesdevfree@gmail.com
WBAI 99.5 live,omaclay@gmail.com
KPFK 90.7 Pacifica Radio FM live,DMCATakedown@pacifica.org
KOFX 92.3 The Fox FM live,KTSO Totally Awesome 80s @ 100.9
WBUZ The Buzz 102.9 FM (US Only) live,dennis.gwiazdon@cromwellmedia.com
WUOM Michigan Radio 91.7 live,schram@umich.edu
KNAI La Campesina 101.9 FM live,bill.barquin@chavezfoundation.org
WXRV 92.5 The River live,info@wxrv.com
WSJF-DB Smooth Jazz Florida live,Doug@webnetradio.com
WPEG Power 97.9 FM (US Only) live,carolina.street@power98fm.com
WOLD- Oldies Radio live,wold.rocks@gmail.com
WGRF 97 Rock live,Jim.riley@cumulus.com
The Great American Songbook Radio Station live,contact@greatamericansongbook.info
Radio Motown live,info@radio-motown.com
WYOO NewsTalk 101 live,feedback@newstalk101.com
Radio La Rugidora live,elweroherrera@gmail.com
VCY America Christian Radio live,vcy@vcyamerica.org
WAYE La Jefa 98.3 live,info@lajefa983.com
WDEF / WUUQ Classic Country Q 97.3 & Q 99.3 FM live,bbarker@wdefradio.com
WBVX Classic Rock 92.1 FM live,info@classicrock921fm.com
Fiesta Mix Radio live,extravagante88@gmail.com
Radio QDX live,radioqdx@usa.com
WRJR Real Jazz Radio live,wrjrjamz@gmail.com
WWOZ 2 New Orleans 90.7 FM live,feedback@wwoz.org
WJOX JOX 94.5 FM live,wjox945@gmail.com
WTOS Pure Rock 105.1 FM live,markwhite@blueberrybroadcasting.com
WKDF 103.3 Country live,Marie.Miscia@cumulus.com
KCRW-HD2 Eclectic 24 live,Don't @ Me with Justin Simien
EDM Sessions live,radio@edmsessions.com
WPFW 89.3 FM live,membership@wpfw.org
WKQX Q 101.1 FM live,101wkqx@101wkqx.com
KPCZ Pure Country 106.7 FM live,dj@purecountry1067.com
Hard Rock Radio live,hrradio.net@gmail.com
WWHM Old Skool 93.3 FM live,ray_handel@commbroadcasters.com
KAZG Oldies 92.7 FM & 1440 AM live,info@kazg1440.com
KXKL Kool 105 FM live,bozo@kool105.com
KOKY 102.1 FM live,gena.wilfong@cumulus.com
Guerrilla Radio live,guerrilla.jw@gmail.com
WBEN Ben FM 95.7 (US Only) live,questions@957benfm.com
KSEQ Q97.1 FM live,mgunn@lotusfresno.com
Free FM Classics USA live,info@freefmworld.com
Elevated Radio- Christian Hit Station live,elevatedjamz@gmail.com
WUNC / WFSS / WUND / WUNW - 91.5 / 91.9 / 88.9 / 91.1 FM live,wunc@wunc.org
KUAZ / KUAS / KUAT AZPM/NPR live,mpaul@azpm.org
Bott Radio Network live,comments@bottradionetwork.com
Oldies For The Oldies live,9. Thomas Wayne @ the DeLons - Tragedy
KDKB Alt AZ 93.3 FM live,skaiser@hubbardradio.com
WPRT 102.5 The Game live,ryan.porth@cromwellmedia.com
KZCE The Beat 101.1 FM live,danielle.martinez@sierrah.com
WLZL El Zol 107.9 FM live,tony.guernica@entercom.com
KKNT 960 AM live,info@960thepatriot.com
WJGO 102.9 Bob FM live,tr@rendabroadcasting.com
KHPR Hawaii Public Radio 88.1 FM live,mail@hawaiipublicradio.org
Country 97.1 Hank FM live,cbirky@indy.emmis.com
WNVR Polskie Radio 1030 AM live,contact@polskieradio.com
Dilemaradio - Hip Hop Music live,info@dilemaradio.com
J99Jams WJPC FM Chicago live,wjpcfmchicago@gmail.com
KNSS NewsRadio 1330 AM live,comments@knssradio.com
98.8 FM Gospel Radio live,info@98fmradio.com
WYUU 92.5 Maxima FM live,nandydavila1@gmail.com
Free FM USA live,info@freefmradio.net
KLRZ ESPN 100.3 FM live,jerryg@klrzfm.com
WARH 106.5 The Arch live,webmaster@1065thearch.com
KABZ The Buzz 103.7 FM live,sara@1037thebuzz.com
Moody Radio Majesty Radio live,moodyradio@moody.edu
WHTT Classic Hits 104.1 FM live,whtt@whtt.com
KINT La Suavecita 93.9 FM live,NO ME VUELVO A EN@MORAR
WWTC AM 1280 The Patriot live,stevesmit@salemtc.com
KDKS Hot Jamz 102.1 FM live,Jab @ Nite with Marvin ï¿½Jabber Jawsï¿½ Williams
WXFL KIX 96 Country FM live,fletch@kix96country.com
WPLM Easy 99.1 live,sales@easy991.com
Old Soulful House Music live,radio@deeplink.stream
KWPZ Praise 106.5 live,comments@praise1065.com
Tech House RadioSpinner live,air@radiospinner.com
WNPR (Connecticut Public Radio) live,wnprinfo@wnpr.org
WIOW 102.3 DB - WOW! Radio live,info@1023wowradio.com
KNUS News Talk 710 AM live,salemdenver.digital@gmail.com
WUSF Public Media live,social@wusf.org
Swing City Radio live,swingcityradio@gmail.com
KUMU 94.7 FM live,kumu@kumu.com
104.1 WDLT live,nikki.dmarks@cumulus.com
WKSU Folk Alley 89.7 FM live,linda@folkalley.com
KSEG The Eagle 96.9 FM live,justine.mccomb@entercom.com
WUHT Hot 107.7 live,bill.gentry@cumulus.com
WCTK Cat Country 98.1 live,providencepromotions@hallradio.net
El Bloke Radio live,elblokeradio@gmail.com
Praise 106.1 FM live,hmazer@radio-one.com
Party 101.9 Radio live,studio@party1019.com
WJPT Sunny 106.3 live,adam.star@bbgi.com
WACV News Talk 93.1 live,rpeters@bluewaterbroadcasting.com
That Metal Station live,Thatmetalstationmusic@gmail.com
KSOC Majic 94.5 FM live,sblanton@radio-one.com
WOFX 92.5 The Fox live,marty.bender@cumulus.com
WZRR/WAPI Talk 99.5 live,matt@talk995.com
94.3 WYBC-FM (US Only) live,drew.carrano@connoisseurct.com
ZonaSalsa Salsa De Verdad! live,Date Cuenta@ (1982)
WNOB 93.7 BOB FM live,Ziggy Stardust (LIVE @ Welcome to the Black
WQKI Old Skool 102.9 live,haley_gulley@commbroadcasters.com
KJFX 95.7 The Fox FM live,carter@957thefox.com
KORE 1050 AM & 95.7 FM - Fox Sports Eugene live,info@foxsportseugene.com
KFNX 1100 AM live,operations@1100kfnx.com
KAYO Classic Country 100.9 FM (US Only) live,roxi@classiccountry1009.com
Reggae Hype Radio live,hypereggae@gmail.com
WEBE108 live,kristin.okesson@connoisseurct.com
WFXC / WFXK Foxy 107.1 / 104.3 FM (US Only) live,gweiss@radio-one.com
The Roots live,john@theroots.fm
California Remix live,californiaremixofficial@gmail.com
WYPR HD3 Classical Music live,loliver@wypr.org
Radio G live,djrorrony@gmail.com
KIMN Mix 100.3 FM live,tj.kizuka@kseradio.com
The Mellow Sound live,knxfm@radiocompany.net
WVEI SportsRadio 103.7 WEEI live,publicfileinfo@entercom.com
Radio El Compa Froy live,radioelcompafroy@gmail.com
Classic Oldies WMTR live,Mark.Mitchell@bbgi.com
KPSL La Ley 96.5 FM live,greg@lotusbakersfield.com
Atravankado Radio live,Jezsanchez78@gmail.com
WONE 97.5 FM live,smiller@wone.net
WJJK Classic Hits 104.5 FM live,info@1045wjjk.com
KHKK 104.1 The Hawk FM live,thehawk@104thehawk.com
WWNO / KTLN - 89.9 / 90.5 FM live,comments@wwno.org
WPBB 98.7 The Shark live,kamikaze@987theshark.com
WMVY mvyradio live,info@MVYRADIO.org
Lighthouse Christian Radio live,lighthouse@shbcmilwaukee.com
WLXC 103.1 Kiss FM live,Jessica.Frank@cumulus.com
test,1,1
FOX News Radio live,foxnewsradio@foxnews.com
"El Bueno, La Mala y El Feo live",bmfshow@univisionradio.com
FOX News Radio live,foxnewsradio@foxnews.com
"El Bueno, La Mala y El Feo live",bmfshow@univisionradio.com
America's Country live,studio@americascountry.us
FOX News Radio live,foxnewsradio@foxnews.com
"El Bueno, La Mala y El Feo live",bmfshow@univisionradio.com
America's Country live,studio@americascountry.us
Soft Rock Radio live,comments@softrockradio.net
Chilltrax live,chill@chilltrax.com
FOX News Radio live,foxnewsradio@foxnews.com
"El Bueno, La Mala y El Feo live",bmfshow@univisionradio.com
FOX News Radio live,foxnewsradio@foxnews.com
"El Bueno, La Mala y El Feo live",bmfshow@univisionradio.com
America's Country live,studio@americascountry.us
Soft Rock Radio live,comments@softrockradio.net
KBAQ / KBACH 89.5 FM live,listener_services@kbach.org
Radio Cristiana Larga Vida Texas live,Radiolargavida@gmail.com
Radio Cristiana Rios de Agua Viva live,rcrdeaguaviva@gmail.com
WAFX 106.9 The Fox live,comment@1069thefox.com
Hot 107.1 live,hot1071fm@gmail.com
WJLX Oldies 101.5 & 1240 live,wjlxremote@gmail.com
Zero Beat Ambient Zone (MRG.fm) live,info@zerobeat.zone
WFSH 104.7 The Fish live,thefish@thefishatlanta.com
Boston Urban Radio live,@Ledisi
WAKY 103.5 FM (US Only) live,Johnny Randolph's Top 5 @ 5
Miami One Radio live,info@miamioneradio.com
WXMG Magic 95.5 FM live,Publicfilecontact@radio-one.com
The Roots HD live,john@theroots.fm
KWIP La Campeona live,info@kwip.com
WJMJ Catholic Radio 88.9 live,studio@wjmj.org
KBON 101.1 FM live,dj@kbon.com
WNBU Groovin Oldies live,hank@ibxmedia.com
NJSunrise Tamil Radio live,njsunriseradio@gmail.com
Polski FM live,mail@polskifm.live
House Attack Radio live,radio@houseAttack.co
WGMD 92.7 FM live,info@wgmd.com
WCOA News/Talk live,Glenn.Johnson@Cumulus.com
WSIG Country Legends 96.9 FM live,pmcdaniel@harrisonburgradiogroup.com
Vibes-Live Reggae live,ROBINLYNNEMABIN@GMAIL.COM
Old Fashioned Christian Music live,mcfadden-michael@sbcglobal.net
Musica Sonidera Radio live,sonideraradio@gmail.com
WGOK Gospel 900 live,jimmy.steele@cumulus.com
KSRT Radio Lazer 107.1 FM live,Info@LazerBroadcasting.com
WAMC live,mail@wamc.org
WIIN Blues 93.1 FM live,billr@radiopeople.net
WNKO KOOL 101.7 FM live,studio@wnko.com
KGOW Viet Radio 1560 live,info@vietradio.com
Jam Radio live,djplay@live.com
KOKO Jammin' 94.3 live,requests@jammin943.com
Cleansing 60's live,musikmann@cleansingmusic.com
Low Country Radio live,lowcountryradio@gmail.com
Magia Grupera 106.9 live,office@eaglemediagroup.net
WRRM Warm 98 FM live,brian.demay@cumulus.com
Z93 ziempre FM live,z93laredo@kjbz.com
WJWZ 97.9 Jamz live,rpeters@bluewaterbroadcasting.com
Musica Sonidera live,iieclipsemoon@gmail.com
WSCF 91.9 Christian FM live,connect@christianfm.com
LMAO (Comedy) - FadeFM.com live,info@fadefm.com
KRVR The River 105.5 FM live,Jim@KRVR.com
KKFR Power live,power983az@gmail.com
KCEP Power 88 FM live,info@power88lv.com
WBAM Bama Country 98.9 live,rpeters@bluewaterbroadcasting.com
The Smooth Guitar Place live,radioguitarone@gmail.com
Latin Mix Masters Radio live,latinmixmasters@gmail.com
Oldies WMVO live,curtisnewland@basbroadcasting.com
KFMW Rock 108 live,rockstudio@rock108.com
WKIT 100.3 live,wkit@zoneradio.com
WRQE Rocky 106.1 FM live,tmartin@forevermediainc.com
Konpa Agogo live,info@konpaagogo.com
KMKF K-Rock 101.5 live,sloan@purerock.com
Cleansing 50's live,musikmann@cleansingmusic.com
Radio Rumba Vacilon live,remigio228@gmail.com
KDPT-LP KIST Bronco Radio 102.9 and 107.7 FM live,jose.fierros@rinconbroadcasting.com
Bachata Radio live,Bachatapueblo1@gmail.com
NewsTalkSTL KLJY FM 101.9 - 99.1 HD3 live,info@newstalkstl.com
WSOX 96.1 SOX FM live,bobby.d@cumulus.com
Radio Bachata Cristiana FM live,radiobachatacristianafm@gmail.com
KZER Radio Lazer 106.5 FM y 1250 AM live,Info@LazerBroadcasting.com
WHOG 95.7 The Hog live,mgodard@sscdaytona.com
Voice of Punjab Radio live,voiceofpunjabradio@gmail.com
WNED Classical 94.5 FM live,news@wbfo.org
WDHA-FM 105.5 live,Terrie.Carr@bbgi.com
Oldies Radio Live 365 live,oldiesradiolive365@gmail.com
KBTT Tha Beat 103.7 FM live,quinn.echols@alphamediausa.com
WMAS 94.7 FM live,craig.swimm@entercom.com
Soft Hits 93.5 FM WAKR live,lkelly@rcrg.net
Powerhitz.com - Real RnB live,powerhitz@powerhitz.com
La Poderosa Radio live,rumbaatlanta@hotmail.com
WBLX 93 BLX live,The Hip Hop Lounge with Nick @ Nite
WAMA La Ley 1550 live,info@laleyradio.com
WLDE Classic Hits 101.7 live,captchris@wlde.com
WTRC News Talk 95.3 MNC live,news@953mnc.com
Dj Carlos Mix live,carlosnewmandj@gmail.com
WJTT Power 94.3 FM live,Keith@brewermediagroup.com
WCPE / WBUX / WURI The Classical Station 89.7 / 90.5 / 90.9 FM live,webmaster@TheClassicalStation.org
KAFR American Family Radio 88.3 FM live,faq@afa.net
La Radio Del Compadre live,laradiodelcompadre@gmail.com
98.9 WOKO live,mrgrasso@hallradio.net
WIZF The Wiz 101.1 FM (US Only) live,sharris@radio-one.com
Global RnB 96.3 live,globalrnb@gmail.com
KTIE AM 590 The Answer (US Only) live,info@am590theanswer.com
Gospel Music Explosion live,gospelmusicexplosion@gmail.com
Jesús Radio live,contacto@jesusradio.fm
WIPA NPR 91.9 FM live,engage@nprillinois.org
KQXL Q 106.5 FM live,socialmedia@q106dot5.com
Romantica Stereo con Dj Pajaro Herrera live,djpajaroherrera@gmail.com
WWGR Gator Country 101.9 live,it@rendabroadcasting.com
KBTA CBS Sports Radio The Ticket 1340 AM live,chadwrde@yahoo.com
KBRZ Sangeet Radio 95.1 FM live,info@sangeetradio.com
Radio Rock UK live,radiorockuk@yahoo.com
The Mellow Guitar Place live,radioguitarone@gmail.com
KCMS Spirit 105.3 FM live,comments@spirit1053.com
WACA Radio America live,info@radioamerica.net
United FM Radio Rock & Metal 24.7 live,unitedradiofm@gmail.com
Ecuador Radio Usa live,ecuadorradiousa@gmail.com
WBRU360 live,360dj@wbru.com
LA-X Puros Éxitos live,laxpurosexitos@gmail.com
102.5 KSFM (US Only) live,justine.mccomb@entercom.com
Radio Latino Ecuador live,radiostereolatino@gmail.com
KKBZ 105.1 The Blaze FM live,mgunn@lotusfresno.com
"WKKC 89.3 FM Chicago, Illinois live",athompsonjr@ccc.edu
La Nueva Radio Latina live,ismael3r22@gmail.com
La Mas Picosita live,lapicositasaladigital@gmail.com
KCMT La Caliente 92.1 & 95.7 FM live,emayans@kcmt.com
WVPS Vermont Public Radio 107.9 FM live,news@vpr.net
WCCP WAHT 105.5 The Roar live,employment@wccpfm.com
KTLF Light Praise Radio 90.5 FM live,thelight@ktlf.org
WAGR Hot 102.5 FM live,wagrradio@att.net
Big Blue Swing Radio live,info@BigBlueSwing.com
WWRQ 107.9 The Beat live,jmathews@blackcrow.fm
WMUB / WVXU - 88.5 / 91.7 FM live,wvxu@wvxu.org
Walk 97.5 FM live,psa@walkradio.com
LaJefa.Net KJFE-DB live,lajefanet@outlook.com
113.fm Route 66 live,contactus@113.fm
KJZZ 91.5 FM live,listener_services@kjzz.org
Love Song Hits - FadeFM.com live,info@fadefm.com
La Pepa Mix Radio live,Djgeminis11_@msn.com
Perriando-Caliente-Remixs-Non-Stop live,kingmasterboricuapr@gmail.com
Atmospheres by Sorcerer Radio live,admin@srsounds.com
WJRZ-FM 100.1 live,Matt.Knight@bbgi.com
WFAE / WFHE - 90.7 / 90.3 FM live,wfae@wfae.org
WHHG 92.3 the Hog live,hogstudio@radio731.com
WPOR 101.9 live,wpor@wpor.com
103.7 KISS FM live,wxkj@newtoncommunications.org
90.9 COOL FM live,contact@coolfmcny.com
96.3 SVW / WPSZ-FM HD3 live,wsvw@newtoncommunications.org
KXEL News/Talk 1540 live,kxel@kxel.com
WSBH 98.5 The Beach live,dpoore@beach985.com
GPB Atlanta 88.5 FM live,ask@gpb.org
WEJL Northeast PA's ESPN Radio live,dmehall@shamrocknepa.com
KKGO Go Country 105 (US Only) live,promotions@gocountry105.com
La Jefa 105.9 FM live,lajefa1059fm@gmail.com
WSBM Fox Sports 1340 live,chuck@foxsportsshoals.com
WEDG 103.3 The Edge live,james.kurdziel@cumulus.com
KLTY 94.9 FM live,webmaster@klty.com
Bachata106 live,bachata106@aol.com
Mix Latino Radio live,info@lamexicanaradio.com
Good News Southern Gospel live,dan@goodnewssoutherngospel.com
WKLC Rock 105 live,jill@wklc.com
KUVO Jazz 89.3 FM live,studio@kuvo.org
WVLT Cruisin' 92.1 FM live,chemple@aol.com
790 KGMI live,kgmi@kgmi.com
TSDC Team Soca live,info@teamsoca.com
WWLD Blazin' 102.3 FM live,dot.ealy@cumulus.com
WGUA-LP 98.1 FM Radio Católica live,radiocatolicawgua981@hotmail.com
KMGN The Mountain 93.9 FM live,legal@kaff.com
WBBB Radio 96.1 FM live,dstuckey@curtismedia.com
La Vallenata live,oyentes@lavallenata.net
Harvest Christian Radio live,andradecarrascocarlos@gmail.com
FiestaCaribe live,fiestacaribe@gmail.com
Radio Fe y Esperanza live,info@feyesperanza.org
JazzRadio (MRG.fm) live,info@jazzradio.info
WSEG ESPN Radio FM 104.3 live,christian@espncoastal.com
Mother Road Radio: Hits On 66 live,michael@hitson66.com
ALT-80 live,KTSO Totally Awesome 80s @ 100.9
KALX Radio 90.7 FM live,mail@kalx.berkeley.edu
Salsa One Radio live,salsaoneradio@gmail.com
Violent Forces Radio: '80s Thrash live,info@violentforcesradio.com
WRNR 103.1 FM live,webmaster@wrnr.com
WSBA 910 AM live,matt.raback@cumulus.com
TJS Japanese Radio Music Channel live,Radio@tjsla.com
WZBA The Bay 100.7 FM live,jward@thebayonline.com
WQKS-HD4 103.9 The Possum live,rpeters@bluewaterbroadcasting.com
Christian Life Radio Station live,christianliferadiostation@gmail.com
WKLL K-Rock 94.9 FM live,askus@krock.com
APS Radio Classical live,apsradio@protonmail.com
La Mejor 93.5 FM Las Vegas live,info@945lv.com
Jabalí Radio live,rvazquez508@gmail.com
70s Decades Hits - FadeFM.com live,info@fadefm.com
KDDB Da Bomb 102.7 FM live,contact@1027dabomb.net
Rumba Atlanta live,rumbaatlanta@hotmail.com
KNUC-FM The Bull live,info@989bull.com
Dance Hits America live,dancehitsamerica@gmail.com
WORD 101.5 FM live,wordfm@salempittsburgh.com
WOSL Cincy's 100.3 FM (US Only) live,sharris@radio-one.com
Money Talk 1230 KSBN live,ksbn@ksbn.net
WWRC 570 The Answer live,comments@am570theanswer.com
WDKX 103.9 FM live,sales@wdkx.com
98.9 WCLZ live,ethan@989wclz.com
WUWM 89.7 FM live,wuwm@uwm.edu
WPRB 103.3 FM live,requests@wprb.com
WGZB B 96.5 FM live,djq@alphamediausa.com
KBTK The Big Talker 97.1 FM live,spierce@flagstaffsbestradio.com
WFYI 90.1 FM live,socialmedia@wfyi.org
KTYD 99.9 FM live,brian.davis@pointbroadcastingllc.com
Ritmo 101.9 live,ventas@ritmo1019.com
Alternative Medicine Radio live,rags51682@aol.com
WDBZ The Buzz live,publicfilecontact@radio-one.com
La Explosiva de NY live,radiolaexplosivadeny@gmail.com
"BJ105 (70s, 80s, 90s) - FadeFM.com live",info@fadefm.com
WDTW 1310 live,info@laz1310.com
WKJM / WKJS - 99.3 and 105.7 Kiss FM live,mlandess@radio-one.com
103.5 WMUZ The Light live,station@wmuz.com
Radio Free California live,radiofreecalifornia@outlook.com
Radio La Sanjuanera live,victoregarcia@hotmail.com
Radio Honduras 504 live,radio@honduras504.com
Sports Radio 850 AM & 96.5 AM live,nick@wtar.com
WABK/WBAK/WBKA Big 104 FM live,markwhite@blueberrybroadcasting.com
WOLB Newstalk 1010 AM (US Only) live,hmazer@radio-one.com
WSHE SHE 100.3 FM (US Only) live,dkarwowski@hubbardradio.com
Tropicalia Radio live,tropicaliaradio@gmail.com
WAIL Sun 103.1 FM live,ricklopez@flkeysmedia.com
WDOD Hits 96 live,bbarker@wdefradio.com
Free FM Top 100 USA live,info@freefmradio.eu
WQXA 105.7 The X FM (US Only) live,chris.james@cumulus.com
WVNN NewsTalk 770 AM / 92.5 FM live,programdirector@wvnn.com
70's Music Authority live,inforadio70@musicmixx.com
WTBO Oldies live,tmartin@forevermediainc.com
105 WQSB live,tommylee@wqsb.com
KNX FM 93 live,knxfm93@gmail.com
WPGP AM 1250 The Answer live,wpgp@salempittsburgh.com
WTWX Country 95.9 live,wtwx@wtwx.com
WKRU The 106.7 Big Dog FM live,Chris.Moreau@cumulus.com
KUNC 91.5 FM live,comment@kunc.org
LUV Radio Reggae Vybez live,luvradioflix@gmail.com
SUNRISE RADIO Hawaii live,anilgoyal.me@gmail.com
KIPR / KFOG Power 92 Jamz 92.3 FM & 1250 AM live,gena.wilfong@cumulus.com
United Public Radio & UFO Paranormal radio live,icar@cox.net
WMJM Magic 101.3 FM live,sarah.jordan@alphamediausa.com
93-7 The X Rocks! live,937thex@gmail.com
WQED 89.3 FM WQEJ live,dacklin@wqed.org
WZSP La Zeta live,info@solmartmedia.com
Mexicana Stereo live,produccioneslevien@gmail.com
Tex-Mex Radio.com live,djtalento@gmail.com
Tally Latin Radio live,musica@tallylatinradio.com
WSOS Jax Country 94.1 FM live,jonathan@jacksonville.radio
La Maquina Musical live,lamaquinamusicalmx@gmail.com
WQLT Q107 live,Halley@brbdigital.com
The Vintage Guitar Place live,radioguitarone@gmail.com
Plenitud la Radio Adventista live,12companerosdelcamino@gmail.com
AM 880 KIXI live,danm@kixi.com
La Jungla Urbana live,Lajunglaurbanaradio@gmail.com
Love Online live,aa@doubleavo.com
WYAB 103.9 FM live,info@wyab.com
US 106.1 live,dparker@us1061.com
Worship 95 live,Worship95@Audilous.com
WYEP 91.3 FM live,info@pittsburghcommunitybroadcasting.org
KSZR 97.5 The Vibe live,chanel.carrasco@cumulus.com
"ATL Blaze Crunk City Radio Atlanta, GA - FadeFM.com live",info@atlblaze.com
KKEA ESPN 1420 AM live,info@espnhonolulu.com
Radio Clave USA live,radiolaunion2020@gmail.com
KEDB 105.3 live,edwin.brand@icloud.com
WYSO 91.3 FM live,wyso@wyso.org
KID / KIDG / KIDJ / KWIK Newsradio 590 / 1240 AM & 92.1 / 106.3 FM live,info@590kid.com
WQDC Rewind 97.7 FM live,contact@Rewind977.com
KPAM AM 860 The Answer live,contactus@theanswerportland.com
Radio Evangelica El Remanente live,remanentetx@gmail.com
95.3 WJPA live,email@wjpa.com
SUNRISE RADIO New York live,anilgoyal.me@gmail.com
WWFF 93.3 Nash Icon live,Steve.Smith@cumulus.com
WDEF Sunny 92.3 FM live,bbarker@wdefradio.com
WYSU Radio You Need to Know 88.5 FM live,info@wysu.org
93.1 WZAK (US Only) live,sharris@radio-one.com
WJKI 103.5 FM / WJKI 1320 AM / W275CX-FM 102.9 live,tracy@thevoiceradionetwork.com
Cafe Tropical Cristiana live,pastoresmelendez@outlook.com
Louisiana Soul Radio live,MusicRadioNow247@gmail.com
KJHF 103.1 FM Hawaii Public Radio live,mail@hawaiipublicradio.org
KOGJ KAWZ CSN International 89.9 FM live,feedback@csnradio.com
JD Foxx Radio live,requests@jdfoxxradio.com
KAFF 92.9 FM live,legal@kaff.com
KAFN Arkansas Rocks FM live,CBB: Ohio State @ (5) Michigan
97.5 R&B live,jb706713@gmail.com
92.9 WBPM (US Only) live,miller@929wbpm.com
KWDD Wild 94.3 FM live,LFM@fbxradio.com
WMNX Coast 97.3 FM live,elizabeth.dunn@cumulus.com
KCVI K-Bear 101.5 FM live,viktor@kbear.fm
Estereo 90s live,estereo90s@gmail.com
WQRK 105.5 Classic Hits live,superoldies@hotmail.com
WPNW Joy Worship 96.5/98.9 live,traffic@joy99.com
Radio Casablanca live,info@radio-casablanca.com
WOI Iowa Public Radio News live,info@iowapublicradio.org
Purple Live Radio live,musizman46@gmail.com
WJKK Mix 98.7 FM live,john@mix987.com
Midnightbluze live,mike@midnightbluze.com
WORG Lite Rock 100.3 FM live,meredith@worg.com
Radio Cancun live,info@radiocancun.net
WIHS 104.9 FM live,wihs@snet.net
WMYM Unanimo Deportes live,editorial@unanimodeportes.com
WPNN AM 790 live,info@talk103fm.com
WROX-FM 96X live,emily@96x.fm
WBUF 92.9 Jack FM live,dave.fields@townsquaremedia.com
WBMH Bama 106 live,bubba@pinecityradio.com
Radio Sin Fronteras live,radiosinfronteras.california@gmail.com
WZBR The Urban Heat live,info@heat981fm.com
WGLO 95.5 GLO live,Matt.Bahan@cumulus.com
WXHQ-LP Radio Newport live,info@1059xhq.org
WBDX / WJLJ J 102.7 / 103.3 FM live,info@j103.com
Hits247 Atlanta live,anilgoyal.me@gmail.com
WCPY Dance Factory FM live,info@dancefactoryfm.com
95 KGGO live,chad.taylor@cumulus.com
WNSP Sports Radio 105.5 live,wnsp@wnsp.com
KZBQ 93.9 FM live,sales@eastidahoradio.com
Seasons (Sorcerer Radio) live,admin@srsounds.com
Bass Breaks n Freestyle (Mystery Radio 87.9) live,danceradiointernational@gmail.com
Elim Radio live,info@elimradio.com
Deportes & Mas con Marino live,deportesymasboston@gmail.com
Inferno Collective Radio live,theinfernocollective@gmail.com
WSBR Moneytalk Radio live,aj.gunn@bbgi.com
WEMX Max 94.1 FM live,socialmedia@max94one.com
Carol 96.1 FM live,carol961fm@gmail.com
WYBT 98.1 FM - AM 1000 live,info@wybtradio.com
KUWS Wisconsin Public Radio 91.3 FM live,listener@wpr.org
Mix A Mix FM live,mixamixfm@gmail.com
"KXOK - St. Louis, MO live",hello@kxok.org
WQAH Big Country live,info@WQAH.com
All that Jazz 24 live,allthatjazzweb@gmail.com
WCNK 98.7 Conch Country live,ricklopez@flkeysmedia.com
WKKL FM 90.7 live,wkklmusic@capecod.edu
Dacha's House Mixes live,radio@deeplink.stream
WQNC The Block 92.7 FM (US Only) live,Publicfilecontact@radio-one.com
WAVU Power 107.5 live,dale@wqsb.com
WIXV I-95 live,Eric.Mastel@cumulus.com
WRTW The Key live,info@thekeyfm.com
WAQE Sports Talk 1090 AM live,info@waqe.com
Powerhitz.com - The Heart live,powerhitz@powerhitz.com
WYPF / WYPR / WYPO Public Radio 88.1 & 106.9 FM live,loliver@wypr.org
LA MÁS FREGONA JM live,lamasfregona.jmradio@gmail.com
Wmqg Radio live,wmqg106.5fm@gmail.com
WAAJ Elevate 89.7 FM live,studio@elevate.fm
Wild 106.7 FM live,admin@wild1067.com
Élite Radio Las Vegas live,pff.030879@gmail.com
Magic of the Mouse Radio - Disney's Best live,wdizdb@gmail.com
WFRK / WHYM Live 95.3 FM / 1260 AM live,wayne_mulling@commbroadcasters.com
WCSN Sunny 105.7 FM live,studio@sunny1057.com
DJ DURO live,info@djduro.com
KIWR 89.7 The River live,corey@897theriver.com
KBVR 88.7 FM live,fm.manager@oregonstate.edu
Cleansing Christmas live,musikmann@cleansingmusic.com
WAUC 1310 AM live,1021theoutlaw@gmail.com
KWBC WILLY 1550 AM & 98.7 FM live,news@navasotanews.com
WHTS 105.3 Hot FM live,bruce.law@cumulus.com
WPIR / WJYJ Pratt Radio 88.1 / 89.5 FM live,office@joyfm.org
KPBX / KIBX / KLGG / KXJO Spokane Public Radio 91.1 / 92.1 / 89.3 / 92.1 FM live,kpbx@kpbx.org
WFFG Froggy 100.3 live,tjacobsen@adirondackbroadcasting.com
WEMI and WEMY The Family 91.9 and 91.5 FM live,info@thefamily.net
KRNO More FM 106.9 live,info@1069morefm.com
Michigan Roar Radio live,beastblack1991@gmail.com
All Praise Radio live,broadcasting@demasternet.com
CityLIVE Radio USA live,contactus@cityliveradio.co.uk
WDUV 105.5 FM (US Only) live,jodi.rainey@cmg.com
WABF 1480 AM live,wabf1480@outlook.com
KIPO Hawaii Public Radio 89.3 FM live,mail@hawaiipublicradio.org
WRJW 1320 AM live,info@WRJWRADIO.com
WDSV 91.9 FM live,wdsv919@gmail.com
Kungaloosh Radio live,info@kungalooshradio.com
WFNX 99.9 The River live,wfnx999@gmail.com
WJBZ Praise 96.3 FM live,info@praise963.com
WAFG Spirit FM Radio live,info@spiritfmradio.com
93.1 The Lake WZMJ live,info@midlandsmediagroup.com
KAAY 1090 AM live,Dianne.Bivens@cumulus.com
Radio 4 Play Soul live,map7@4thriderradio.com
Q106.8 Country | WQKT-DB live,qcountry@q1068country.com
WOLF 92.1 The Wolf live,sfurco@innerharbormedia.com
La Patrona Radio live,produccionesangelhn@gmail.com
Adora Radio live,info@adoraradio.net
BIGGIE vs. 2Pac - FadeFM.com live,9. The Notorious B.I.G. - #!*@ Me
KWVA U of O Campus Radio 88.1 live,kwva@uoregon.edu
FCG live,fcgfamilias@gmail.com
Radio Camino Al Cielo live,ifdav12@gmail.com
Beat 96 Radio live,beat96radio@gmail.com
Tropicalisima.fm - Latino Mix live,El Tinaco @JoseMambo @CongueroRD
Radio Lenga d'Oc live,contact@lengadoc.eu
Gaslight Square Reggae live,gaslightsquare@currently.com
KETL-LP 3ABN live,mail@3abn.org
WPGW-FM J-Country 101 live,wpgw@wpgwradio.us
60sRadio (MRG.fm) live,info@60sradio.net
113.fm Pop'd live,contactus@113.fm
98.4FM WPIR live,djtrapjesus@gmail.com
WVPE Your NPR Station 88.1 FM live,wvpe@wvpe.org
WXQR Rock 105.5 live,rhawkins@dbcradio.com
KCRW - The Music Channel live,Don't @ Me with Justin Simien
KCJJ live,kcjjam@gmail.com
EMT Radio live,phillyhottbusiness@gmail.com
WPCC Sports Radio 1410 AM live,pat@largetime.net
Latino Mundial Radio live,@LatinoMundialR
KPZK Praise Radio 102.5 FM live,gena.wilfong@cumulus.com
Calle Vieja live,callevieja15@gmail.com
WBCQ Classic Country 94.7 Kixx FM live,kixxfm@gmail.com
WZFI-LP Lift FM live,LiftFMradio@gmail.com
KDFT La Poderosa 540 AM live,cabina@kdft540.com
WNMA 1210 The Man live,info@1210theman.com
Pregón Latino Radio live,pregonlatinoradio@gmail.com
WVLF Mix 96.1 live,dawn@yesfm.com
radio eben-ezer stafford virginia live,iglesiaapostoles361@gmail.com
Big 103 Orlando live,mfoland@palmtreemdiagroup.com
WDCR Decatur Catholic Radio live,contact@wdcrradio.com
KFMD Star 101.5 FM live,candace@hogradio.com
FC-DQS live,prodnigayu0824@gmail.com
KNTU 88.1 The One FM live,mark.lambert@unt.edu
KUAL Cool 103.5 live,Cool1035@hubbardradio.com
Victory 92.7 / 94.7 FM live,wifa.wijv@gmail.com
WXRR Rock 104.5 FM live,rock104@rock104fm.com
KBTM Talk 1230 AM live,mitch@eabjonesboro.com
WFLB BOB 96.5 FM live,Kent.Dunn@bbgi.com
Deviant Behavior Radio live,deviantbradio@gmail.com
WXRI JOY 91.3 FM live,office@joyfm.org
Exclusivo Radio live,info@exclusivoradio.com
Quotes Cage Radio live,quotescage@gmail.com
DKFM Classics live,dkfm@decayfm.com
Privé Radio live,info@priveradio.com
Accion CA (Centro America) live,accioncentroamerica@gmail.com
WJWF / WNMQ Q103.1 live,chris.stryker@cumulus.com
Radio Atomo Digital live,radioatomodigital@yahoo.com
Power Mix FM live,mickelwalker71@gmail.com
WJEJ 1240 AM live,wjej@myactv.net
KNRX 96.5 The Rock live,frank.pain@townsquaremedia.com
La Fama Radio Online live,lafamaproducciones@outlook.com
Radio Vintage Oldies live,oldies@radiovintage.net
Faveur Radio live,faveurradio@gmail.com
WXPS-LP 92.1 FM live,info@truthchapel.org
Radio AlternativeMusic.com live,Radio@Alternativemusic.com
KSJS 90.5 FM live,martinez@ksjs.org
Bignationfm live,bignationfm@bignationfm.com
Powerhitz.com - Smoov live,powerhitz@powerhitz.com
90s Decades Hits - FadeFM.com live,info@fadefm.com
The Groove Emporium live,tge@mgzcom.net
Candid Birmingham live,anilgoyal.me@gmail.com
WLPN-LP Lumpen Radio live,info@lumpenradio.com
Radio Free Detroit live,radiofreedetroit@gmail.com
ItzYourzRadio live,dondrephoenix@gmail.com
TheDotRadio live,dotradio@dr.com
SUNRISE RADIO South Carolina live,anilgoyal.me@gmail.com
IAMC TV Radio live,radio@iamctv.com
WFEN The Lighthouse live,info@wfen.org
404 Haus Radio live,404hausradio@gmail.com
BarbwiresArtist live,barbwiresradio@icloud.com
Uncion 97 Radio live,uncion97radio@gmail.com
World Praise Radio live,@ArchBishopNick
Rodrick Moore live,gemsradionow@gmail.com
WBNH Praise! live,wbnh@wbnh.org
WNCH Vermont Public Radio 88.1 FM live,news@vpr.net
KRML Community Radio 1410 AM and 102.1 FM live,JEFF@KRML.COM
KAPS Country Radio live,kapsradio@gmail.com
OutsideFM live,info@outsidefm.com
Ecuaradio USA live,ecuausaradio@gmail.com
WJWL La Raza live,tracy@thevoiceradionetwork.com
KSWG Real Country 96.3 FM live,mikebarna963@gmail.com
Hit Mixx Radio live,info@hitmixxradio.com
Radio Ven a Jesucristo live,venajesucristo620@gmail.com
Live504Radio Hip-Hop R&B And Bounce live,live504radio1@gmail.com
WCKA Real Country 94.3 97 .1 FM& 810 AM live,alabama810@wckaradio.com
KTJS 1420 live,fuchsradio@gmail.com
Classic Hits JAR101 live,info@jarservices.com
KFOX 98.5 FM KUFX live,KLLC Alice @ 97.3 FM (US Only)
Razors Edge Radio live,JOE LEAVY @JoeLeavy100
Musical Latino live,vida@musicallatino.com
610 KONA News Radio live,konanews@cherrycreekradio.com
WKQC K 104.7 FM (US Only) live,Bill.Schoening@bbgi.com
The Christian Christmas Channel live,25wgg.k21.or.us.si@gmail.com
Revival Radio live,donaldjames@therevivalradio.com
KGAL SmartTalk 1580 live,webmaster@kgal.com
Shawn Nagy's Super Oldies ® live,superoldies@hotmail.com
Mc Tu Radio live,mcturadiopro@gmail.com
KCVM 93.5 The Mix live,themix@935themix.com
El Cibernetico Rojas Radio live,elciberneticorojas@outlook.com
KLAR Radio Poder 1300 AM live,pastorpatino@gmail.com
WSCH Eagle 99.3 live,info@eaglecountryonline.com
WFDU 89.1 FM live,wfdu@fdu.edu
KTOO News 104.3 FM live,news@ktoo.org
City of God Radio live,cityofgodim@gmail.com
Fiesta Perrona Radio TV live,fiestaperronaradio@gmail.com
KNBA 90.3 FM live,feedback@knba.org
WLTB Magic 101.7 live,info@magic.local
KGU Real Country 760 AM & 95.1 FM live,dita@salemhawaii.com
Comando de Redes live,comandoderedes@gmail.com
WESP 102.5 The Q live,sales@wiregrassradio.com
Growing Truth 89.1 FM live,info@growingtruth.org
90.5 WESA live,news@wesa.fm
NewsTalk WANI live,info@newstalkwani.com
2K10 Decades Hits - FadeFM.com live,info@fadefm.com
MiaMix Radio live,miamixradio@gmail.com
WHTF Hot 104.9 live,jasonlamp@argtf.com
KPQ 560 live,newswenatchee@cherrycreekradio.com
KDXE 101.1 FM The ANSWER live,russ@salemlr.com
Super CFL Radio live,phoenixtrueoldies@gmail.com
WDAQ 98Q live,rich@98q.com
KBCS 91.3 FM live,listenercomment@kbcs.fm
The Legend live,skinnyboyradio@outlook.com
KRKN New Country 104.3 live,info@ottumwaradio.com
KDIS Faith Talk 99.5 FM live,russ@salemlr.com
WPSK 107 Country PSK live,james@newriverradio.com
KBEC 99.1 FM - 1390 AM live,kenr@kbec.com
KWHK Oldies 95.9 HK FM live,ksku@adastra.kscoxmail.com
Radio Amor FM live,radioamorfm2020@gmail.com
WMSE 91.7 FM live,wmse@msoe.edu
KNBB Sports Talk 97.7 live,manager@redpeachradio.com
Radio Romanticas live,cuchopimentel91@hotmail.com
WVNU Lite 97.5 FM live,elaine@wvnu.com
Radio T.K. Disco live,info@radiotkdisco.com
WAYD WAY 88.1 FM live,supportservices@wayfm.com
WBNW 1120 AM live,jwolfe@moneymattersboston.com
WEOK Juan 95.7 FM live,timothy.keenan@townsquaremedia.com
WCYO 100.7 The Coyote live,bill@wcyofm.com
WOBR Pirate 95.3 live,gunner@ecri.net
WRQQ Classic Hits 103.3 FM live,jeff.johnson@cumulus.com
WOON 1240 Woonsocket Radio live,us@onworldwide.com
KYSC 96.9 The River live,LFM@fbxradio.com
WGDJ Talk 1300 AM live,PaulV@talk1300.com
Radio Santa Eulalia live,radiosantaeulalia@gmail.com
WYXR 91.7 FM live,contact@wyxr.org
KRMD Country 101.1 live,krmdfm@gmail.com
WNFZ 94.3 FM live,94z@943wnfz.com
WQXL / WTQS The Point 1470 / 1490 AM live,kev@makethepointradio.com
El Huateke Radio live,info@elhuatekeradio.com
Cujo's Crypt live,cujoscrypt@gmail.com
WMNC / WMNC-FM - 1430 AM / 92.1 live,wmnc@bellsouth.net
DnB&EDM live,rgofrz@gmail.com
Sodbusters live,bomarwilliams@gmail.com
WSMY The Score 1400 AM live,Barry@Bestradioaround.com
Flower Power Radio live,Info@flowerpowerradio.com
Rumba Mix Station live,magicguzh@gmail.com
Masters of Hardcore live,info@mastersofhardcore.com
WPVQ Bear Country 95.3 live,dan@whai.com
Stereo Fuente de Vida live,fuentedevidadinuba@gmail.com
98bpm - Destin's Pure Dance Hits - FadeFM.com live,info@98bpm.com
WKND 1480 live,clm1480am@yahoo.com
Rewind 106.5 - 1480 WCFR live,info@wcfram1480.com
BluesRadio (MRG.fm) live,info@bluesradio.network
KMLB News Talk 540 AM 105.7 FM live,jr@radiopeople.com
KCRZ HITZ 104.9 FM live,info@momentumbroadcasting.com
WCSU 88.9 FM live,wcsufm@gmail.com
KLBL Kool 101.5 FM live,admin@myhotsprings.com
WGCS 91.1 The Globe live,globe@goshen.edu
WLOH Wolf Country Radio live,mark@wloh.net
WUIN 98.3 The Penguin live,thepenguin@localdailymedia.com
WQCK QWiK Rock 105.9 (US Only) live,qwikrock1059@gmail.com
WWLI Lite Rock 105 live,Patrick.Austin@cumulus.com
WGNJ Great News Radio live,staff@greatnewsradio.org
WXZZ Z-Rock 103 FM live,scott.frazier@cumulus.com
Conjunto Country Radio live,arania1945@hotmail.com
WTJU - 91.1 FM live,wtju@virginia.edu
KVSC 88.1FM live,info@kvsc.org
WBGZ The Big Z live,nick@wbgzradio.com
WEGB Faith FM live,9. @lifeastatum - Ashe Ashe...
AO-2.0 Digital Music Radio live,jorge.buzo@quallimultimedia.com
WYCM Your Country 95.7 FM live,shelby@starcitybroadcasting.com
WAFT 101.1 FM live,mail@waft.org
KSNZ Country Legends 92.9 FM live,Legends929@rt66.media
WPTL 101.7 FM & 920 AM live,admin@wptlradio.net
WCVK / WJVK / WZVK Christian Family Radio 90.7 / 91.7 / 89.3 FM live,mail@christianfamilyradio.com
KSTX 89.1 FM live,kathy@tpr.org
Candid New York live,anilgoyal.me@gmail.com
105.7 KOKZ live,info@nrgmedia.com
KCPR 91.3 FM live,kcpr.generalmanager@gmail.com
KZNQ live,kznqfm@gmail.com
KBIC Radio Vida live,informacion@radiovida.com
WYPR HD2 BBC World Service live,loliver@wypr.org
WFIA 94.7 FM & 900 AM live,troy.miles@wordmediagroup.com
KRFY 88.5 FM live,krfyradio@gmail.com
BestOnTop Radio live,bestontopradio@gmail.com
WMVL Cool 101.7 FM live,requests@cool1017online.com
KRKY Colorado Country 930 AM & 88.7 FM live,stephen@alwaysmountaintime.com
WRNE Choice 106.9 live,hill@wrne980.com
WMFE-FM 90.7 live,wmfenews@wmfe.org
WMOA 1490 AM / 101.3 FM live,info@wmoa1490.com
KMVN MOVIN 105.7 FM (US Only) live,LFMANC@radio907.com
Music Lovers Radio live,carlos@djracer.com
WGSO 990 AM live,info@wgso.com
KKIS 96.5 FM live,info@radiokenai.com
Platinum Trini Hot 97 FM live,platinumtrini@gmail.com
WYWM Radio live,info@wywmradio.com
KJMT Mountain Talk 97.1 FM live,feedback@mountaintalk97.com
Apasionada live,raycruzsantiago@gmail.com
KBRC Classic Hits 1430 AM live,kylasalas@kapskbrc.com
WIOX 91.3 live,jpiasek@wioxradio.org
WKNO-HD2 NPR 90.1 FM live,radio@wkno.org
WFCR New England Public Radio live,radio@nepr.net
WZYP 104.3 ZYP live,steve.smith@cumulus.com
Wayback Radio live,kiowayback@gmail.com
Soldados del Rey Radio live,soldadoscandela31@gmail.com
WGFG Cat Country 105.3 FM live,haley_gulley@commbroadcasters.com
WOAD 1300 AM live,percy.davis@alphamediausa.com
WLOY Classic 660 AM live,office@threeriversmedia.net
WMRV 106.5 The River live,sales@andrulonis.com
Kiss 95.1 FM (US Only) live,Bill.Schoening@bbgi.com
WWSX Radio Rehoboth 99.1 FM live,info@radiorehoboth.com
KIOF-LP Las Vegas Public Radio 97.9 FM live,info@lvpr.org
KMFA Classical 89.5 live,info@kmfa.org
KLSM KHits 104.5 FM live,sabrina@radiopeople.com
Radio Libre NJ live,radiolibrenj@gmail.com
Cafe con Dios live,pastoresmelendez@gmail.com
3 AM Radio Adventista Online live,3amradioadventistaonline@gmail.com
Plexus Radio - Metal live,Info@Plexusradio.com
Hoosier Heat Radio live,hoosierheatradio@gmail.com
The Real Underground Radio live,truradiostation@gmail.com
KMXN 92.9 The Bull live,Amber@Bull929.com
my70sRadio.com live,webmaster@my70sradio.com
WXNR Hot 99.5 live,kendrick@thenewhotfm.com
WAUB 1590 live,waub@flradiogroup.com
Radio La Mas Fregonda del Sur live,domingopantaleon44@gmail.com
WSUB 96.7 The Buzz live,chris@wblq.net
70sRadio (MRG.FM) live,info@70sradio.net
WTSC 91.1 The Source live,wtsc@clarkson.edu
KPCH The Peach 99.3 FM live,manager@redpeachradio.com
WLEV 100.7 FM live,elizabeth.pembleton@cumulus.com
Pulse 96.1 live,aidanchristion@pulse961.co
WQKS-HD2 Yo! 100.5 live,rpeters@bluewaterbroadcasting.com
La Estacion De La Familia live,WSDO1400@GMAIL.COM
WHLI 1100 AM (US Only) live,webmaster@connoisseurli.com
WMEX 1510 AM live,RenegadeRadio1510@gmail.com
WQOK K97.5 (US Only) live,gweiss@radio-one.com
WWUS 104.1 US1 Radio live,ricklopez@flkeysmedia.com
Public Radio Los Angeles live,Rakeshkumarz791free@gmail.com
Radio Tele Miracle FM live,radiotelemiraclefm@gmail.com
KHUG 97.5 FM live,khug@khug.rocks
WBFB 97.1 The Bear live,bearmorningshow@blueberrybroadcasting.com
ADN Radio live,Hola@Audiodice.com
Radio Free Brooklyn live,info@radiofreebrooklyn.org
Clarus Country live,claruspromo@gmail.com
Mindalia Voz Estados Unidos live,mindaliaradio@mindalia.com
Radio La Vieja Estacion live,jorgeluiselfaraon@gmail.com
1XL Radio live,1xlradio@jumpstreetentertainment.com
97TheBeatFM live,97thebeatfm2016@gmail.com
KMNY La Voz 1360 AM live,cabina@lavoz1360dallas.com
WBWB B97 live,wbwb@wbwb.com
101.5 WBNQ live,ruth.nichols@cumulus.com
KUAT FM 90.5 live,mpaul@azpm.org
WQKX 94KX FM live,equest@wqkx.com
Indie Radio FM live,support@indieradiofm.com
Food For The Soul Radio live,info@islamicbulletin.org
WXMA 102.3 Jack FM live,phillip.kukawinski@alphamediausa.com
Perrona Radio live,lamerameraperrona@gmail.com
AM 800 WVAL live,mail@800wval.com
WBET Oldies 99.3 FM live,info@wbetfm.com
WKRB 90.3 FM live,wkrb@kbcc.cuny.edu
Rewind 1039 live,rewind1039@gmail.com
WPLZ Big 95.3 FM live,Ericfoster@brewermediagroup.com
WQBN Super Q 1300 live,wqbnradio@gmail.com
WJJQ 92.5 FM and 810 AM live,wjjq@wjjq.com
WSNL Victory 600 AM live,graham.parker@cbslradio.com
KUOI Moscow 89.3 FM live,kuoi@uidaho.edu
Powerhitz.com - The Hitlist live,powerhitz@powerhitz.com
WNAS 88.1 live,wnasradiotv@gmail.com
Ktahoe.com live,info@ktahoe.com
WZKX Kicker 107.9 FM live,lstiglets@kicker108.com
WAYR-FM WAY Radio live,manager@wayradio.org
BAGeL Radio live,bagelradio@gmail.com
Plexus Radio - Dance Classics live,Info@Plexusradio.com
Metalmöuth Radio live,metalmouthradio@yahoo.com
KEGI The Eagle 100.5 live,socialmedia@eagle1005.com
Da Bizz Radio live,dabizz@dabizzradio.com
WBQB B101.5 FM live,buzzy@wbqb.com
Nurun Ala Nur live,info@islamicbulletin.org
Clarus Oldies live,clarusoldies@gmail.com
97.9 Da plugg Radio live,dapluggradio@gmail.com
Afrostar Radio Network live,info@afrostarnetwork.com
Estereo Rey live,estereorey445@gmail.com
Z96.5 WAZY live,boomer@wazy.com
WVNW Star Country 96.7 FM live,wvnw@star967.com
La Super Radio live,lasuperestaciononline@gmail.com
WFDD 88.5 FM live,dollentp@wfu.edu
Radio Tv Meba live,meba4785@icloud.com
WUPE Whoopee 100.1 - 1110 AM live,peter.barry@townsquaremedia.com
River Rat Country live,RiverRatOhio@Gmail.com
WREE Rewind 92.5 live,doug@rewind925.com
KHTS FM 98.1 & AM 1220 live,info@hometownstation.com
WAOA 107.1 A1A live,Tommy.Bodean@cumulus.com
Rock 92.5 The ZUU live,scottybud@wzuu.com
KSLG 93.1 K-Slug FM live,sabina@kslg.com
Ten 23 Da Jams live,ten23dajams@gmail.com
KLKK 103-7 The Fox live,harryo@1037thefoxrocks.com
La Mega Bachata live,Bachatapueblo1@gmail.com
107.3 Alternative Cleveland live,jlynn@rcrg.net
WQZY Y96 live,production@wqzy.com
Podcast Business News Network 1 live,support@pbnpodcasts.com
DJ KIDNU live,Radio@djkidnu.com
Nueva Creacion Radio live,fredyemilio03@gmail.com
KXIA Kix 101.1 live,studio@kixweb.com
WGEL 101.7 live,tom@wgel.com
Newstalk KBKW live,news@kbkw.com
WMLL 96.5 The Mill live,ClassicHits@965themill.com
KDZR AM 1640 The Patriot live,contactus@thepatriotportland.com
The Blind Advocacy Radio live,radio@tbanet.org
Radio Unidisco live,info@unidisco.com
95.7 WZID live,neal@wzid.com
WLBY Ann Arbor's Talk Station live,programming@1290wlby.com
WNNK Wink 104 live,dennyandsue@wink104.com
WSPM Catholic Radio Indy 89.1 live,info@catholicradioindy.org
Radio Mixes live,radiomixes.dj@gmail.com
WLEE 95.1 The Farm live,951thefarm@gmail.com
WLIK The Smokies Oldies 1270 AM live,wlik@wlik.net
WMGQ Magic 98.3 live,Debbie.Mazella@bbgi.com
KRWM Warm 106.9 live,info@warm1069.com
Radio Vida En Cristo live,mendozadiego85@gmail.com
KSKO live,gm.ksko@gmail.com
WEBB B98.5 Central Maine's Country live,julie.beaulieu@townsquaremedia.com
WLVN Radio live,wlvnmt@gmail.com
Systems Network Venezuela live,fjar15@hotmail.com
Xtreme Mixx Radio live,xtrememixradio@gmail.com
WXFX 95.1 The Fox live,marvin.kopman@cumulus.com
WJCP KORN 1460 AM live,wjcpradio@yahoo.com
WMMG - The Blaze live,mmgradio1@gmail.com
Studio B Radio live,studiobradio@yahoo.com
KSRV BobFM 96.1 live,bob@impactradiogroup.com
Radio Cristo Viene Pronto live,radiocristovienepronto316@gmail.com
113.fm Star! live,contactus@113.fm
Stereo 102 live,stereo102@hotmail.com
WCND La Explosiva 940 AM live,info@laexplosivaradio.com
WJMD Where Jesus Makes the Difference 104.7 FM live,wjmd@kzoo.edu
KABL 960 AM live,david.jackson@bayarearadio.org
WVMW 91.7 FM live,staff@vmfm917.org
The Bounce live,contact@brg-radio.com
WDOT The Point 95.7 FM live,flanagan@pointfm.com
WKQZ Z93 live,matt.bingham@cumulus.com
FCB Soul live,info@fcbradio.com
KQBL-HD2 99.1 I-Rock (US only) live,irock@impactradiogroup.com
Flowlazona Radio live,lazonacontact@gmail.com
The Legend Factory live,jim.becker30@gmail.com
KYCA The News 1490 AM live,prescott@kyca.info
WBYZ Z94.5 live,peggy@wbyz94.com
WZID-HD3 The Outlaw 103.1 live,bcox@manchesterrg.com
WKMI Talk Radio 1360 live,dave.benson@townsquaremedia.com
WOTT 94 Rock live,jim_leven@commbroadcasters.com
WOPW-LP 93.3 FM live,studio@wopw.org
Frecuencia Latina NY live,@Grupo Firme - Me Gustas - (Official Video)
WBLT Boomtown Radio live,boomtownrichmond@gmail.com
WCAI 90.1 live,wcai@capeandislands.org
WSDE Lite 94.3 FM 1190 AM live,ed@1190wsde.com
WQRA AIR 1 live,air1@air1.com
KTSY / KAVY / KGSY - 89.5 / 89.1 / 88.3 FM live,family@ktsy.org
Gaslight Square Electronic live,gaslightsquare@currently.com
KURB B 98.5 FM live,randy.cain@cumulus.com
WSNW The Lake 94.1 FM live,brandon@gacaradio.com
WHK AM 1420 The Answer live,chermann@salemcleveland.com
WGCM Cruisin 1240 AM live,CONTACT@WGCMAM.COM
WBQA Maine Public Classical live,comments@mainepublic.org
WCVT 101.7 The One live,101theone@radiovermont.com
FCB Cool live,info@fcbradio.com
WAIC New England Public Media live,radio@nepr.net
EDM Dance Hits - Crab Island NOW Radio live,info@crabislandnow.com
KVPI Classic Hits 92.5 FM live,kvpiamfm@gmail.com
Powerhitz.com - Christmas Hits live,powerhitz@powerhitz.com
RADIO JESUCRISTO ES LA RESPUESTA live,radiojesucristoeslarespuesta@gmail.com
Folk Tyme (RadioAvenue.com) live,admin@radioavenue.com
KLYC 1260 live,news@klycmedia.com
WTUA Power 106.1 FM live,anelson@tds.net
KPRZ K-Praise 106.1 and 1210 live,Steve.Brodsky@SalemSanDiego.com
Abiding Radio - Kids live,info@abidingradio.com
Radio Free Jackson live,hello@radiofreejxn.com
Alabama Public Radio live,general@apr.org
WEEY 93.5 WEEI live,dderby@greateasternradio.com
Radio Pandora live,radiopandora977@hotmail.com
WSPC Newstalk 1010 AM live,mattsmith@1010wspc.com
NRG Online Radio live,nrgonlineradio1@gmail.com
96.9 The Oasis live,6. Paul Taylor - Friday@5
WMMG - Praise Station live,mmgradio1@gmail.com
KIYS KISS 101.7 FM live,kissjonesboro@eabjonesboro.com
WSTI Star 105.3 live,star1053@gmail.com
Studio 21 Tejano live,arania1945@hotmail.com
KAVX 91.9 FM live,919kavx@kavx.org
Radio Jerusalem Maranatha live,SELVINGALLARDO2017@GMAIL.COM
KAHI 950 AM live,info@kahi.com
Mondello Radio (MRG.fm) live,info@mondelloradio.net
Sweet 419 live,sweet419toledo@gmail.com
KEOM 88.5 FM live,keom@mesquiteisd.org
GFN SOUL NYC live,gfnradio1@gmail.com
La Mia Radio live,lamiaradiony@gmail.com
LUV Radio Jamaica live,luvradioflix@gmail.com
WGUC 90.9 FM live,wguc@wguc.org
WPNR Utica College Pioneer Radio live,wpnr@utica.edu
KZND 94/7 Alternative Anchorage (US Only) live,kellen@alaskaim.com
95.3 WBCK live,tim.collins@townsquaremedia.com
KKIK Outlaw Country 106.5 live,chadwrde@yahoo.com
WJOU Praise 90.1 FM live,wjou@oakwood.edu
TjksRadio Miami live,tjksradio@gmail.com
Classic KMRY live,info@kmryradio.com
KUAR 89.1 FM live,comments@ualrpublicradio.org
100.7 WHUD (US Only) live,bfeniger@pamal.com
WOMR 92.1 FM live,info@womr.org
Abee Chunes Radio live,info@abeechunes.com
La Hora Zero live,radiolahorazero@gmail.com
Chicago 77.3 live,chicago773radio@gmail.com
Poder Latino Radio live,poderlatinoradio@gmail.com
Activa Radio live,activaradioonet@gmail.com
113.fm The Eagle live,contactus@113.fm
KLCL Talk Radio 1470 live,eriktee@townsquaremedia.com
News Talk 1380 WNRI live,contact@wnri.com
Asomdwee Radio US live,asomdweeradio@gmail.com
803MegaMix live,803megamix@gmail.com
Radio Catolica live,Bachatapueblo1@gmail.com
Korea Love Radio K-pop Miami live,korealoveradio@gmail.com
WEAT Sunny 107.9 live,BruceLogan@hubbardradio.com
Radio Trance Passion live,RadioTrancePassion@gmail.com
KNKL-Pirate Radio Sturgis live,knkl@knkl.net
WHWY Highway 98 Country live,kevin_malone@commbroadcasters.com
Absolute Radio Pop live,staff@absoluteradionetwork.com
KGRM 91.5 FM live,evansjb@gram.edu
WRNS 95.1 FM live,tdenton@dbcradio.com
La Cima Radio USA live,lacimaradio@outlook.com
WJUC The Juice 107.3 FM live,LUDACRIS @Ludacris
Joel Radio live,llamadafinalutahmedia@gmail.com
4 Star Sports Media Network live,mail@sarmc.us
KMUN Coast Community Radio live,feedback@coastradio.org
KHIP 104.3 The Hippo FM live,jodi.morgan@smgnational.com
Expresso Latin Radio live,expresso@conexmedia.com
Sunset Penthouse live,hollywoodcandlelightandwine@gmail.com
Powerhitz.com - Jamz live,powerhitz@powerhitz.com
KCIS 630 live,comments@kcisradio.com
KABF 88.3 FM live,wade@kabf.org
WBOP The Journey live,office@myjourneyfm.com
KBOY 95.7 live,casey.baker@smgnational.com
Radio Amor_Lunatico live,grunonzita@gmail.com
WolfRockRadio.com live,wolfrockradio@gmail.com
WGSQ 94.7 The Giant (US Only) live,tiae@gpmnow.com
WNIV Faith Talk 970 live,info@faithtalk970.com
KBRH 1260 AM live,tdelaney@ebrschools.org
PLUS RADIO US NARODNA live,milos@plusradio.us
WBBK Magic 93.1 FM live,sales@wiregrassradio.com
WRSF Dixie 105.7 FM live,jbarco@ecri.net
KATC Cat Country 95.1 FM live,social@951nashfm.com
WYMR Max 98.3 FM live,lenny@wkvi.com
WLGZ Legends 102.7 FM live,info@legends1027.com
WNDD Wind-FM live,htuuri@ncfmgroup.com
WDLS 900 AM live,dougs@magnum.media
WRSU 88.7 FM live,gm@wrsu.org
WSWT Mix 106.9 live,randy.rundle@midwest360peoria.com
WDDQ Talk 92.1 FM live,scottjames29@hotmail.com
Radio Por Amor A Las Almas live,info@radioslatinashd.com
Kaliente FM 95 live,kalienteradiofm@gmail.com
EtherealRadio.com live,dj@EtherealRadio.com
Fort Dodge Radio live,info@fortdodgeradio.com
MACKRadio live,middleagedcoolkids@gmail.com
KUAC 89.9 FM live,comments-kuac@alaska.edu
WTHI 99.9 FM live,hi99@mwcradio.com
KFSR 90.7 FM live,90.7kfsr@gmail.com
KLZK 107.7 Yes! FM live,jmartinez@ramarcom.com
105.7 The Beat Jamz WORN-DAB live,CDS@1057rnbnow.com
KBBQ The Vibe 102.7 FM live,darren.stephens@cumulus.com
Tropicool Radio Boston live,alfaradio2@hotmail.com
WPAC PAC 98.7 live,merz@yesfm.com
WPZZ Praise 104.7 FM live,mlandess@radio-one.com
WRFC 960 The Ref live,kelsey.gresham@cmg.com
KBOX Pirate Radio 104.1 FM live,listeners@1041pirateradio.com
KQBG 99.5 The Bridge live,thebridge@cherrycreekmedia.com
KKWB Coyote 102.5 live,kkwb102@paulbunyan.net
WJPS Classic Hits 107.1 live,WJPSRadio@originalcompany.com
WGLT GLT FM live,wglt@illinoisstate.edu
WMMG 93.5 FM live,wmmg935@bbtel.com
WKOA K105 (US Only) live,shamus@wkoa.com
113.fm Free Bird live,contactus@113.fm
WFXH Rock 106.1 FM live,greynolds@dbcradio.com
KFYV Live 105.5 FM live,brian.davis@pointbroadcastingllc.com
WISW ESPN Radio 1320 live,Tim.Hill@Cumulus.com
113.fm Elevator live,contactus@113.fm
Farra Latina Station live,lafarralatina@hotmail.com
Get Lit Radio live,benitosolis72@gmail.com
Emmanuel Radio Online live,emmanuelradio8@gmail.com
WKSZ WKZY Kiss FM 95.9 and 92.9 FM live,kissfm@wcinet.com
WKHS 90.5 FM live,wkhsradio@gmail.com
WMBX X 102.3 FM live,dwilliams@hubbardradio.com
WRFK 107.1 Frank FM live,mhouseman@greateasternradio.com
Radio Fe Cristiana live,tamayac35@gmail.com
WQZQ 93.3 Classic Hits live,dennis.gwiazdon@cromwellmedia.com
WIKY 104.1 live,aaron.santini@mwcradio.com
KKPS La Nueva 99.5 FM live,@MUZIKJUNKIES
KCYE The Coyote 102.7 FM (US Only) live,support@residentlocal.com
KITS Alt 105.3 (US Only) live,KLLC Alice @ 97.3 FM (US Only)
WHRB 95.3 live,gm@whrb.org
FrogEyes Radio live,gary@frogeyesradio.com
WBUT BUT Kickin' Country! live,frontdesk@bcrnetwork.com
KEAG Kool 97.3 FM live,mike@kool973.com
WAHR Star 99.1 live,k.daniels@radiohuntsville.com
KMOJ 89.9 live,Info@KMOJFM.com
Classic Hits 106.7 KQNK live,kqnk@ruraltel.net
90.9 WCDB live,generalmanager@wcdbfm.com
That Christmas Channel live,Thatchristmaschannel@Live365.com
A1R Psychic Radio live,vp@ask1radio.com
Hitz Unlimited Radio live,DJColossus1000@gmail.com
WJRB News Talk 95.1 live,jbatten@battencommunications.com
WEOS Finger Lakes Public Radio live,cotterill@hws.edu
WRSW-FM 107.3 WRSW live,news@newsnowwarsaw.com
KQQQ Newstalk 1150 live,info@pullmanradio.com
WMDR Gods Country live,info@worshipradionetwork.org
Conectando Raices Radio live,conectandoraicesradio@gmail.com
KPRL Radio 1230 AM live,reception@kprl.com
WJEC live,wjec1065@yahoo.com
Radio Zindagi 540 AM live,neeraj1993@radiozindagi.com
WDCL / WKYU / WKPB / WKUE WKU Public Radio 89.7 / 88.9 / 89.5 / 90.9 FM live,wkyufm@wku.edu
WICN 90.5 FM live,david@wicn.org
Magnifica Network live,info@magnificanetwork.com
WTHD Thunder Country live,info@wthd.net
WLTO HOT 102.5 FM live,patrick.scott@cumulus.com
WGUF live,tr@rendabroadcasting.com
Radio Wave4U live,radiowave4u@gmail.com
WBXB The-B 100.1 FM live,wbxbfm@gmail.com
WLRW Mix 94.5 FM live,tim@mix945.com
KVRX 91.7 FM live,stationmanager@kvrx.org
Explorers Emporium Radio live,explorersemporium@gmail.com
La Poderosa Rocio NY live,RADIOROCIONYNET@HOTMAIL.COM
Govern America Radio live,radio@governamerica.com
KAKT 105.1 The Wolf live,casey.baker@smgnational.com
WISH-FM 98.9 live,hugo@mywithersradio.com
WUSM Southern Miss Radio 88.5 FM live,wusm@usm.edu
Awesome 80s live,KTSO Totally Awesome 80s @ 100.9
98-7 K-Lite live,michael@kliteonline.com
KJAMS Radio live,kjamsradio@gmail.com
WCRN 830 live,chris@wcrnradio.com
Sublime Seducción Radio Online live,administracion@sublimeseduccion.com
WSHU Public Radio live,membership@wshu.org
KVIN The Vine 920 AM live,TheVine@KVIN.net
KMAJ The Big Talker 1440 live,studio@1440kmaj.com
WQJU and WTLR live,info@wtlr.org
Estéreo Mensajero de Cristo live,mensajerderodecristo@gmail.com
WRIV 1390 AM live,mouth1390@gmail.com
WCJZ Classic Rock CJ 105.7 (US Only) live,owensborodigital@gmail.com
KISZ Kiss Country 97.9 FM live,skelly@americangeneralmedia.com
LaMagiaFM live,lamagiafm@gmail.com
The Rock Vault live,therockvaultus@gmail.com
WXRB 95.1 FM live,petequentin@yahoo.com
Ellinikos FM live,info@ellinikosfm.com
KYUK 640 AM & 90.3 FM live,Coffee @ KYUK with S. Grady Deaton
WAVS Heartbeat Of The Caribbean 1170 AM live,deanhooper@wavs1170.com
KHOY Catholic Radio 88.1 FM live,khoy@khoy.org
Radio Luz de Esperanza live,ulisescortes20@yahoo.com
KXCI 91.3 FM live,membershipassociate@kxci.org
KEOS 89.1 FM live,bod@keos.org
Eternidad de Dios live,templomahanaim1@gmail.com
WNYR Mix 98.5 live,salesjobs@flradiogroup.com
KXSF-LP 102.5 FM live,KLLC Alice @ 97.3 FM (US Only)
WROU 92.1 FM live,faith.daniels@alphamediausa.com
BOX : Documentary Network live,hello@boxradio.net
KHKI 97.3 Nash FM live,digital@nashfm973.com
A DJ'S LIFESTYLE RADIO - KDJL-DB live,Tech N9ne @TechN9ne - Like I Ain't - www.adlradio.com
105.7thephaze live,inquiry@1057thephaze.com
WGGN Today's Christian Music (US Only) live,fm97.7@cfbroadcast.net
Radio TSOP live,info@radio-tsop.com
New Country 95.7 KKOK live,studios@kmrskkok.com
Gay Radio live,support@gaywiredradio.com
Plexus Radio - Barcelona Old Hits live,Info@Plexusradio.com
WRKS ESPN The Zone 105.9 FM live,Christiana.williams@alphamediausa.com
KKWS SuperStation K106 live,msenne@hbi.com
Radio Portugal USA live,Rportugalusa@gmail.com
KHCM Hawaii's Country 97.5 FM (US Only) live,tia@salemhawaii.com
WBGL WCRT-FM 88.5 live,wbgl@wbgl.org
WWAV 102.1 The Wave live,kevin_malone@commbroadcasters.com
Party 95.5 live,theparty955@outlook.com
WDUN 550 AM live,info@jacobsmedia.net
WRMRDB - Random Music Radio live,randommusicradio@icloud.com
WFAS 1230 live,info@wfasam.com
WKKS Kickin Country 1570 AM & 104.9 FM live,Dennis@WKKSRadio.com
Latina MN live,emradiocorp@gmail.com
WFXA Foxie 103 Jamz live,info@perrybroadcasting.net
WKFM K96 Country 96.1 FM live,advertising@wkfm.com
Oldies WTTF 1600 AM & 93.3 FM live,whatshappening@wttf.com
WEYY Gospel Radio Network live,grn@bellsouth.net
The Whip Radio live,info@backlandradio.com
WNNZ-FM New England Public Media live,radio@nepr.net
KFSH The Fish 95.9 FM live,info@thefishoc.com
WTTP-LP 101.1 FM live,info@wttpfm.com
KKTK Fox Sports 1400 AM live,info@foxsportstexarkana.com
Mia 88.3 live,whwn883@gmail.com
4th Rider Radio live,map7@4thriderradio.com
WLMV La Movida 94.5 & 1480 live,luis.montoto@lamovidaradio.com
WQSG AMERICAN FAMILY RADIO live,faq@afa.net
91.5 KUNV-HD3 live,10. Paul Taylor - Friday@5
FireOne Radio live,Mawon San@ghanamv.com
KLSS Star 106 live,jared.allen@alphamediausa.com
Radio X live,armandolucha@gmail.com
Indie Music Network live,indiemusnet@gmail.com
Adora a Dios Radio live,info@adoraadiosradio.com
KAFF Flagstaff Country 93.5 FM & 930 AM live,legal@kaff.com
KPGF Reno's Crazy 80s live,KOLC Ten Country @ 97.3 FM
WSKV Pickup Country 104.9 FM live,wskv@wskvfm.com
KZLE Classic Rock 93.1 FM live,chadwrde@yahoo.com
WGHL ALT 105.1 FM live,phillip.kukawinski@alphamediausa.com
WXXX 95 Triple X live,95triplex@95triplex.com
Precious Radio Hip-Hop live,preciousradio@gmail.com
WUWF 88.1 FM live,dale@wuwf.org
WWIB 103.7 FM live,studio@wwib.com
WFKL Fickle 93.3 live,stan@fickle933.com
WGOG 101.7 FM live,wgoginfo@gacaradio.com
KRFN Fun 100.9 FM live,KLCA Alice @ 96.5 FM
KARL Radio live,karl@showbizbroadcasting.com
WGCU 90.1 FM / WMKO 91.7 FM live,memberservices@wgcu.org
WHCC Hoosier Country 105 live,whcc@whcc105.com
Andino La Ideal live,andinonline@hotmail.com
KRRQ / KNEK Q 95.5 FM & 1190 AM live,krrq@krrq.com
Progressive Rock Azusa live,contact@progressiverockazusa.com
WXYC 89.3 FM live,gm@wxyc.org
WSYD Oldies 1300 AM live,kelly@wpaq740.com
Oldies 101.1 WLMC live,wlmcradio@outlook.com
WQNY Q Country 103.7 live,cosadchey@cyradiogroup.com
WIRY 1340 Hometown Radio live,wiry@wiry.com
Jammin'Oldies Radio live,DOTAUTO97@AOL.COM
WHBX 96.1 JAMZ live,john.baker@cumulus.com
WBFY American Family Radio 90.3 FM live,faq@afa.net
WSCQ-LP Su Radio 96.3 FM live,wscqfm@yahoo.com
Powerhitz.com - The Planet live,powerhitz@powerhitz.com
KFQD Newsradio 750 AM live,news@kfqd.com
La Poderosa 930 live,marcialtorres274@yahoo.com
Pegadera Digital Radio live,partylatinolasvegas@gmail.com
WCLC New Life 105.1 FM & 1260 AM live,info@newlife105.com
WLWI News Radio 1440 live,marvin.kopman@cumulus.com
97.5 WABD live,jimmy.steele@cumulus.com
WISE Sports Radio live,nsharpe@avlradio.com
BrooklynFM (Russian) live,info@bfmradio.us
WEMU 89.1 FM live,studio@wemu.org
WMPL Wimple 920 AM live,mitchlake@themix93.com
KISU 91.1 FM live,kisufm@gmail.com
WZON Z62 live,howie@zoneradio.com
WARM 103.3 FM live,matt.raback@cumulus.com
La Mega Star live,lamegastar951@gmail.com
Dixieland Oasis live,ted.holdahl@gmail.com
World Mix Inet live,voice231@gmail.com
Jammin Oldies - FadeFM.com live,info@fadefm.com
Radio Mensajero de Dios live,pedropedrodiego.1977@gmail.com
Envision Radio live,EnvisionRadio20@gmail.com
The FunkStation live,listento.thefunkstation@gmail.com
KWMC 1490 AM live,kwmc1490@wcsonline.net
Jake Radio live,jaketheradioman@gmail.com
WMXE Mix 100.9 FM live,STUDIO@WVMIX.COM
La Pela 809 live,Nunca Mas (Bachata Cantando Blachy) @CongueroRD @JoseMambo
KAPA Kapa Radio (US Only) live,studio@kaparadio.com
WJLI Rock 98.3 live,studio@rock983.com
WRND Rewind 94.3 FM & 1370 AM live,schase@5starradio.com
WQCS 88.9 FM live,cpuorro@wqcs.org
WBRU live,heydj@wbru.com
Subliminal Radio live,studio@subliminalradio.net
WSQL Radio 1240 AM & 102.1 FM live,info@wsqlradio.com
KHAZ Real Country - 99 KZ Country live,khaz@eagleradio.net
WCTH Thunder Country 100.3 FM live,ricklopez@flkeysmedia.com
WOPI ESPN Tri-Cities 1490 AM live,charlie@espntricities.com
KNRQ Alternative 103.7 NRQ live,Al.Scott@cumulus.com
WWFN / WYMB The Fan 100.1 FM / 920 AM live,matt.scurry@cumulus.com
FM 94.9 WQMX live,ksteel@rcrg.net
KXKC 99.1 FM live,troy.leger@cumulus.com
WZSN Sunny 103.5 FM live,Dave@sunny103-5.com
KAMO Nash FM 94.3 FM live,The Cattle Drive @ Five with Tone Marconi
WMUC-FM 88.1 live,wmuc.gm@gmail.com
Move Miami Radio live,movemiamiradio@gmail.com
Gospel Vibes Radio live,delroylingo@yahoo.com
KVMR 89.5 FM live,gm@kvmr.org
KNEV The Vibe 95.5 FM live,KOLC Ten Country @ 97.3 FM
The Source 91.3 WVST live,wvst@vsu.edu
Podcast Business News Network 3 live,support@pbnpodcasts.com
KLXQ The Rocket 96.7 FM live,admin@myhotsprings.com
Blaze It Up Radio live,blazeitupradiostation@gmail.com
WPRZ-FM 88.1 live,info@wprz.org
Sandunga Radio live,checheduransalsa@gmail.com
La Voz 1520 AM live,jose.fierros@rinconbroadcasting.com
Reggaetune FM live,staff@reggaetunefm.com
113.fm Jitterbug live,contactus@113.fm
RCS. New York Stereo 94.9 live,radiocadenastereo@gmail.com
WVLK NewsTalk 590 AM live,news@wvlkam.com
KXLR XRock 95.9 FM live,LFM@fbxradio.com
WNNZ 640 New England Public Media live,radio@nepr.net
93.5 WAXM live,93.5@waxm.com
WZBC 90.3 live,wzbcgm@gmail.com
KTCU The Choice 88.7 FM live,ktcu@tcu.edu
Discoline Radio live,discoline@gmail.com
WSTB 88.9 The AlterNation live,nhall@rock889.com
Extreme Exposure radio live,extremeexposureradio@gmail.com
WJLW-LP Grace FM live,welcome@calvarychapelonline.com
WDLX / WGHB Pirate Radio live,troy@pirateradio1250.com
Wave Radio 1120 FM live,mjmakemydaytoo@gmail.com
WSNI Sunny 97.7 FM live,santonovich@monadnockradiogroup.com
FeelGood Folk live,jra@feelgoodfolk.com
WRCN LI News Radio live,mcasali@jvcbroadcasting.com
Radio Transfiguration live,radiotransfiguration@gmail.com
KYRO 1280AM / 105.3FM live,Schepercomm@yahoo.com
WKDB Maxima 95.3 FM live,tracy@thevoiceradionetwork.com
Indie Radio FM Bar Radio live,support@indieradiofm.com
WZTE Talk Erie live,info@talkerie.com
WGUS 102.7 FM (US Only) live,kent.dunn@bbgi.com
Rockfords Best Mix live,contact@mix1013wrkd.com
WMSS Super 91.1 FM live,music@wmssfm.com
WHBU Newstalk Sports Anderson live,studio@1240whbu.com
Eventcrist Radio live,rypepocho@mail.com
Aji Picante Radio live,contact@ajipicanteradio.com
Sauk Prairie Radio live,mark@saukprairieradio.com
SynthTronic Retro Radio live,SynthTronicRadio@outlook.com
WJLZ 88.5 FM live,info@currentfm.com
KNTX AM 1410 live,onair@kntxradio.com
WZXX Freedom Radio 88.5 FM live,connect@freedomradiofm.com
WNLK Public Radio live,membership@wshu.org
WAIN Hot Country 93.5 FM live,wain@forchtbroadcasting.com
KVMI My 97.5 FM live,info@momentumbroadcasting.com
LaRockandSoul live,larockandsoul@gmail.com
WXKQ 103.9 The Bulldog live,WXKQ@forchtbroadcasting.com
Powerhitz.com - Double 00's Hits live,powerhitz@powerhitz.com
RetroRock Internet Radio live,retrorockinternetradio@yahoo.com
Especial Navidad Uni Radio live,info@adoraadiosmedia.com
Radio Generación Vino Nuevo live,rgvn17@gmail.com
KXSC Radio live,KLLC Alice @ 97.3 FM (US Only)
Deenagers Youth Radio live,info@islamicbulletin.org
The Green Room (RadioAvenue.com) live,admin@radioavenue.com
Classical WSCS 90.9 FM live,rob@sugarrivermedia.com
Ministerio de Jesucristo Alfa y Omega live,abeljose7515@gmail.com
WGHN 92.1 live,ContactUs@wghn.com
Podcast Business News Network 2 live,support@pbnpodcasts.com
GAPFM live,gappastors@gmail.com
WHWR Internet Radio live,whwrinternetradio@gmail.com
WKZF KZ102.3 live,scott.wheeler@mwcradio.com.com
WECO Solid Gospel 940 AM & 101.3 FM live,edwecoradio@highland.net
Otro Tono Radio live,OtroTonoRadio@gmail.com
WNOS New Talk Radio 1450 AM live,info@252radio.com
WIRE-DB Ghost 99 Radio live,ghost99radio@gmail.com
WDSN Sunny 106.5 FM live,lorilewis@sunny106.fm
WMMC Magic Hits 105.9 live,WMMC106@aol.com
Romeos Hot Spot international live,romeoshotspotinternational@gmail.com
WKDI Joy FM live,office@joyfm.org
La Super Power live,muymundos@hotmail.com
WEKU Classical live,wekuclassical@eku.edu
AltamiraNY.Com live,altamiranycom@hotmail.com
New Radio Oriental Fm 98.3 live,davidronald21@yahoo.com
100.3 WLKI live,info@wlki.com
Radio Stereo M live,radiostereom@live.com
KSBU 92.7 The Touch FM live,sabrina@radiopeople.com
Boss Hogg Radio 1390 AM & 107.5 FM Avon Park live,1360amradiobiz@gmail.com
KCLP Fused Radio live,info@fusedradio.com
Surf City Radio live,jrwgrp@att.net
Powerhitz.com - 1Power live,powerhitz@powerhitz.com
KSMA 98.7 Kiss Country live,ksma@987kisscountry.com
KGMS AM 940 live,www.jack@wilkinsradio.com
WINC 92.5 FM (US Only) live,bsimel@winc.fm
KPBG Spokane Public Radio live,kpbx@kpbx.org
Adora Radio FM live,info@adoraradiofm.com
96.6 WOLF - Sundown Halloween Radio live,bigbaddaddywolf@sundownhorror.com
WESM 91.3 FM live,wesm913@umes.edu
WLLF Sportsradio 96.7 FM live,psa@790wpic.com
94.3 The Dude WWNQ live,info@midlandsmediagroup.com
KCDU 101.7 The Beach FM live,jmorgan@radiomontereybay.com
WLTC 103.7 Lite FM live,darwood@pmbradio.com
WFTH 91.9 WNRN live,info@wnrn.org
WDDE 91.1 FM live,info@delawarepublic.org
Retro Country 890 live,retrocountry890@gmail.com
WHLY La Raza 98.1 FM live,laraza.indiana@yahoo.com
The Loft live,Jazzandvocalloft@gmail.com
Vibes-Live Country and Western live,vibesliveradio@gmail.com
KWJB The Bee 95.1 FM live,jb@kwjb.com
980 AM WXLM live,jody.morris@cumulus.com
WYSL News 1040 AM live,info@wysl1040.com
104.9 WERK-FM live,studio@werkfm.net
WYUP 107.1 Jack FM live,sales@LightnerCom.com
LUV Radio Canada live,luvradioflix@gmail.com
Hartford BIble Students Radio live,hartfordbiblestudents@gmail.com
WEPR 90.1 FM live,gasque@scpublicradio.org
KONR-LP / 106.1 FM live,outnorthradio@gmail.com
WQXE Quicksie 98.3 FM live,quicksie@wqxe.com
Radio Ministerio Pueblo de Dios live,ministeripueblodedios@gmail.com
Grace Watcher Network live,anyeot@gmail.com
Radio Singham Club live,anilgoyal.me@gmail.com
LocoMix Radio live,radiolocomix@gmail.com
KHSL 103.5 The Blaze FM live,KTSO Totally Awesome 80s @ 100.9
WZEW 92 The ZEW live,92zew@92zew.net
KCSI/KOAK Country Sunshine live,kcsi@kcsifm.com
KRUD-DB Rudeboy Radio 808 live,rudeboyradio808@gmail.com
WCVL C-Ville Country 92.7 FM live,mchiumento@charlottesvilleradiogroup.com
Radio TV 69 live,info@radiotv69.com
El Gallito Radio live,elterrible1410@gmail.com
Classic Hits 580 WACQ and FM 101.1 live,wacqradio@elmore.rr.com
WDGL The River 98.1 FM live,webmaster@eagle981.com
KOUW KID Newsradio 1340 AM live,josh@richbroadcasting.com
KEGR Radio live,steve@kegrradio.com
KMEZ Z102.9 live,info@kmez1029.com
WAVA 780 live,charronh@wava.com
KXSS 1390 Granite City Sports live,jay.caldwell@townsquaremedia.com
Stereo Nueva Vida live,stereonuevavida@gmail.com
WFRE Free Country 99.9 FM live,sales@wfre.com
WAAO New Hit Country 103.7 live,waao@waao.com
WHQX Kicks Country live,jjarvis@firstmediaservices.com
TropiSalsa FM - Salsa l Merengue live,alexrico24@yahoo.com
Chronicles Christian Radio live,Angie Cleveland @PastorAngieC
KJUL 104.7 FM live,info@summitradio.com
Rock Ballads RadioSpinner live,air@radiospinner.com
WBVP and WMBA Radio live,bcr@beavercountyradio.com
WAIV 95.1 WAYV live,rgarcia@equitycommunications.net
Radio Cristo HD live,Isid205@icloud.com
WSON 860 AM & 96.5 FM live,wsonadmin@wsonradio.com
113.fm Classic One live,contactus@113.fm
FDP - Fútbol de Primera live,info@fdpradio.com
WGR: Wonderful Grace Radio live,contact@wonderfulgraceradio.com
92.5 KJJY live,danger.boy@cumulus.com
113.fm Lover's Lane live,contactus@113.fm
WWKX Hot 106.3 live,patrick.austin@cumulus.com
KBRJ K-Bear 104.1 FM (US Only) live,matt@kbear1041.com
Cool Time Oldies FM live,info@cooltimeoldiesfm.com
Cardio Dance Radio live,info@nofearradio.com
WBBN B95 live,b95@b95country.com
WANO Kat Country 1230 AM live,wanocountry@gmail.com
TheWorldOfBlues live,Info@TheWorldOfBlues.com
Radio Vision de Cristo live,gilmar0895@yahoo.es
KHMC Majic Tejano 95.9 FM live,khmcfm@yahoo.com
KSLD ESPN 1140 AM live,info@radiokenai.com
KWPQ 103.3 FM live,comments@kwpq.org
KIIC Thunder Country live,hello@kiicradio.com
Kiss Intl 107.7 live,KHBC The Wave @ 92 FM
KLBS 1330 AM live,pr@klbs.com
WKKY 104.7 FM live,wkky@wkky.com
Tus Exitos FM Regional Mexicano live,tusexitosfmprog@gmail.com
WPPM LP live,info@phillycam.org
97.6 The Temp live,pops.capitale@gmail.com
WXNU X Country live,wxnu@staradio.com
WKPW Classic Hits 90.7FM live,wkpw@wkpwfm.com
WCHM NewsTalk 94.3 live,hazel@wchmradio.com
The Animal live,brian.lane@outlook.com
KKUP 91.5 FM live,webmeister@kkup.org
WQQK 92.1 FM live,allison.warren@cumulus.com
Ebenezer Radio Dallas live,pastorcarias@hotmail.com
WZZA live,news@wzzaradio.com
La Unik Recuerdos live,support@gbroadcastinggroup.net
WRZQ-FM Q Mix (US ONLY) live,qmix@qmix.com
WWSM Your Country Friend 1510 AM live,pg@patgarrett.com
KPAC TEXAS PUBLIC RADIO FM live,kathy@tpr.org
WFBS Sunny 107.9 FM live,sunny1079wfbs@gmail.com
KGA 103.5 The Game live,contest-spokane@smgnational.com
WLFZ 101.9 The Wolf live,cbullock@capitolradiogroup.com
WSDS La Explosiva 1480 AM live,alex@explosiva1480.com
WHPK-FM 88.5 live,contact@whpk.org
WJFF Radio Catskill 90.5 live,manager@wjffradio.org
KESR 107.1 Bob FM (US Only) live,news@1071bobfm.com
WHGG Love Radio 97.3 FM live,info@loveradio.fm
WBGP Faith Radio live,emailus2@faithradio.us
Rock Party Radio live,alcocchi@outlook.com
WIKZ Mix 95.1 FM (US Only) live,Artie.shultz@alphamediausa.com
Gaslight Square Jazz live,gaslightsquare@currently.com
WIOL ESPN 95.7 live,gdavisjr@dbicolumbus.com
WJXM 95.1 The Beat live,Claymdn@aol.com
KEZR Mix 106.5 FM live,dave.numme@alphamediausa.com
WGMC Jazz 90.1 FM live,jazzinfo@jazz901.org
Backwoodz Radio live,backwoodzradio@gmail.com
Mis Alabanzas Radio live,healingwounds8@gmail.com
WBBO B 98.5 FM live,sarac@presscommradio.com
WOOL Black Sheep Radio live,feedback@blacksheepradio.org
Tejano Spotlight Radio live,djelmeromero@yahoo.com
WMUA 91.1 live,manager@wmua.org
Radio Mx Digital live,paco-fiesta@hotmail.com
KLGE 94.1 The Lounge live,studio@941lounge.com
KHLR 106.7 BUZ2 live,sara@1037thebuzz.com.com
WPSR Mix 90.7 live,wpsr@evsck12.com
Kabod new york radio live,rkabodnytoto@gmail.com
113.fm Flashback live,contactus@113.fm
3ABN Radio Network live,radio@3abn.org
Indie Radio Music live,info@indieradiomusic.com
LUV Radio New York New York live,luvradioflix@gmail.com
WRRR Lite Rock 93.9 FM live,srr@literock93r.com
KZAS-LP Radio Tierra live,info@radiotierra.org
Energy Radio USA live,info@energyradiousa.com
94.5 KISS FM live,foxes@riseup.net
WCDX iPower 92.1 and 104.1 FM live,mmyers@radio-one.com
WPGW PG 14 live,wpgw@wpgwradio.us
KMTB Today's Best Country 99.5 FM live,operations@southwestarkansasradio.com
WUPC-LP Radio Alerta live,alertayalerta@gmail.com
Power HD radio live,ecuamixfm@gmail.com
LUV Radio Barbados live,luvradioflix@gmail.com
KZDG 1550 Radio Zindagi live,neeraj1993@gmail.com
KTDZ Ted 103.9 FM live,LFM@fbxradio.com
WYCB Spirit 1340 AM live,kentkramer@radio-one.com
HMstudio live,hmstudio2000@gmail.com
Outlaw Mafia Radio live,radio@outlawmafiaradio.com
La Maxxima 1290 AM live,lamaxximafm@gmail.com
WTSQ-LP 88.1 FM live,info@wtsq.org
Impacto Musical Radio live,impactomusicalradio@outlook.com
WHIV-LP 102.3 FM live,info@whivfm.org
Latino X Radio live,admin@latinoxradio.net
WJZE Hot 97-3 FM live,mikemori@glasscityradio.com
WQLZ 97.7 FM live,mpaterson@rmgmwf.com
WSKG 89.3 live,captioning_hotline@wskg.org
WXST-HD2 The Box 99.3 FM (US Only) live,pfhelpl@charlestonradiogroup.com
Bulldogs Radio live,admin@bulldogs-radio.com
Public Radio Dallas live,Rakeshkumarz791free@gmail.com
FM 7 The Drive live,www.fm7thedrive@gmail.com
WAMW The General 1580 live,dshake@shakebroadcasting.com
95.1 The Mountain live,digital@lakebroadcasting.com
96.3 The Big JAB SportsRadio WJJB live,shoe@thebigjab.com
WVBV / WRSM HOPE FM 90.5 live,info@hopefm.net
WAYY 790 AM and 105.1 FM live,info@sportstalk1051.com
German RadioMv live,info@radiomv.com
KUCR 88.3 FM live,Kucrmusic@gmail.com
KSKZ Z98 live,z98hits@gmail.com
Candid Radio New Mexico live,anilgoyal.me@gmail.com
WSAT / WTIX Memories 1280 live,lpoole@1280wsat.com
WAFY Key 103.1 FM live,community@key103radio.com
The Specialty Channel live,ericscott@totallyhitsradiolive.com
WGCO Hot 98.3 live,zack@dbcradio.com
KFTZ Z-103.3 FM live,info@z103.fm
KIIM 99.5 FM live,vickie.duprey@cumulus.com
WWPV-LP 92.5 FM live,wwpv925@gmail.com
Radio Pentecostes Cristiana live,usradiocristiana@gmail.com
WFRB Willie 106.7 - 560 live,tmartin@forevermediainc.com
WVSC SC 103.1 FM live,cmanzione@lcradiogroup.com
La Raza Bachatera live,djfanlix@gmail.com
WLOA LOUD 102.3 live,940WGRP@GMAIL.COM
WEAQ 95.9 Jamz live,CONTACTUS@959JAMZ.COM
113.fm Retro! live,contactus@113.fm
WLBK 1360 live,beth.pierre@nelsonmultimedia.com
WKZJ K92.7 live,gdavisjr@dbicolumbus.com
WJEN 105.3 Cat Country live,pcolomb@catamountradio.com
Handcrafted Radio live,studio@handcraftedradio.org
KANO Hawaii Public Radio 91.1 FM live,mail@hawaiipublicradio.org
Power 98.5 FM live,power98.5radio@gmail.com
El Metro Salsero live,sidbueno172@gmail.com
"100.3 KROCK Ft. Walton Beach, FL live",krockfwb@gmail.com
WMNP Mixx 99.3 live,bgomes@3gbroadcasting.com
WBRI 1500 AM live,janet@wilkinsradio.com
WERU Community Radio 89.9 FM live,info@weru.org
WHCB Radio live,contact@whcbradio.com
KKOW 860 AM live,kkow@kkowradio.com
Latina Radio live,latinaradioonline@gmail.com
WLOE / WMYN - 1490 / 1420 AM live,info@rockinghamcountyradio.com
WERX The Shark 102.5 FM live,marko@ecri.net
Xtrema live,info@xtremaradio.net
Mix Show Radio live,fleetmixshowradio@gmail.com
KBLE Sacred Heart Radio live,info@sacredheartradio.org
WHLP Calvary Radio Network 89.9 live,info@calvaryradionet.com
KXRR Rock 106.1 FM live,Robert.Jarvis@smgnational.com
WSKY 1230 AM live,Denise@WilkinsRadio.com
WLBS and WRDV Radio live,info@wrdv.com
WBAA AM FM live,wbaa@wbaa.org
Voice of Ohio Hill Country live,info@mediagroupohio.com
Smart Investor Radio live,smartinvestorradio@gmail.com
WSNJ Pop-FM 99.9 live,info@SNJToday.com
WQLA / WYSH - 960 / 1380 AM live,wysh@wyshradio.com
WEMP 98.9 FM live,jimmedley@womtradio.com
WMHR Mars Hill Radio live,info@marshillnetwork.org
WTNN 97.5 Eagle Country live,maze@eaglecountry975.com
Livesideradio 92.7 FM live,livesideradiostreetsfm@gmail.com
KZNE The Zone 1150 AM and 102.7 FM live,Ben@BryanBroadcasting.com
Archfiend Radio live,archfiendradio@archfiendmedia.com
WYPM 93.3 FM live,news@witf.org
Nueva Radio Cristiana Salvación Emanuel live,manuelrodriguez583@gmail.com
WFIF 1500 AM / WSDK 1550 AM live,wfif@lifechangingradio.com
Radio La Explosiva live,radioprofeta@yahoo.com
WXLK K92 (US Only) live,admin@wheelerbroadcasting.com
WBBL The Ticket 1340 AM live,lori.bennett@cumulus.com
KPTZ 91.9 live,contactus@kptz.org
Pacific Coast FM live,yachticalmedia@gmail.com
KUEZ Easy 104.1 FM live,info@bighornmediainc.com
Powerhitz.com - The OfficeMix live,powerhitz@powerhitz.com
WXCY 103.7 FM live,stacie.monz@forevermediainc.com
Rhythm 86 live,info@rhythm86.com
WHTI Hot 105.7 live,froggycountry@resultsradiowv.com
WCHE 1520 AM live,wche@wche1520.com
WLIQ Kick AM 1530 live,Samantha.Barnes@townsquaremedia.com
WYSA / WYSM / WYSZ - Yes FM 88.5 / 89.3 live,yesfm@yeshome.com
Radio Monte de Santidad Zacarias 8:3 live,monte.santidadzacarias83@gmail.com
WMEA 90.1 MPBN live,comments@mainepublic.org
WQQO Q 105.5 FM live,deb.piechocki@cumulus.com
La Mega KC live,ivanduin@lamegakc.com
WQEL Q 92.7 FM live,kjenney@wbcowqel.com
WKKN/WTHK The Peak 101.9 - 100.7 live,thepeak@greateasternradio.com
WRCD 101.5 The Fox live,andy@blindandy.com
WJDT 106.5 FM live,wjdtradio@gmail.com
WQFS - Guilford College Radio 90.9 FM live,wqfs@guilford.edu
Beach Radio WADB live,jim.antes@townsquaremedia.com
WJZP-FM live,info@wjzp.me
KRRM 94.7 K-Double-R-M live,krrm@krrm.com
KEGX Eagle 106.5 live,classicrockmornings@eagle1065.com
113.fm Q-Radio live,contactus@113.fm
SUNRISE RADIO North Carolina live,anilgoyal.me@gmail.com
WILQ Today's Best Country 105.1 FM live,tminier@backyardbroadcasting.com
WQHR Q96.1 live,Tom.Preble@TownsquareMedia.com
KDXY The Fox 104.9 FM live,trey@jradiogroup.com
Technicolor Web of Sound live,paulmaze@techwebsound.com
WCDA Hits 106.3 live,info@hits1063.com
WLIM 93.3 The Breeze live,tammy@933thebreeze.com
KORG-LP 95.3 FM live,korglpnews@gmail.com
WKXQ 92.5 FM live,larry.bostwick@gmail.com
WLUW 88.7 live,studio.wluw@gmail.com
KQYB KQ98 live,contactus@kq98.com
Indie Soul Radio live,djprone@gmail.com
WXPH 88.5 FM live,businesssupport@xpn.org
Fine Arts Radio 89.7 live,info@wmnr.org
Mi Redentor Vive Radio live,redentorviveradio@gmail.com
Ritmo Tropical Radio live,elvaron101@gmail.com
Radio Lobo USA live,radiolobousa@gmail.com
KRKQ Mountain Chill 95.5 FM live,dj@mountainchill.com
Radio Zoe Houston live,contacto@ministerioszoeusa.com
KAHU Hawaii Public Radio 91.7 FM live,mail@hawaiipublicradio.org
100.5 WKXA live,wkxa@wkxa.com
WVIK Quad Cities NPR live,info@wvik.org
96.7 the Eagle (WCOE) live,studio@967theeagle.com
WLER 97.7 The Rock Station live,frontdesk@bcrnetwork.com
WWFY Froggy 100.9 live,kashley@greateasternradio.com
WVUM 90.5 FM live,training@wvum.org
318 LIVE FM live,318livefm@gmail.com
WKZW KZ-94.3 FM live,kz943@kz943.com
Oasis de Bendicion Radio live,oasisdebendicionradio@gmail.com
Cercana Radio live,contactovinoyaceite@gmail.com
WITR 89.7 live,gm@witr.rit.edu
KTEP 88.5 FM live,ktep@utep.edu
WRFE Joy FM 89.3 FM live,office@joyfm.org
"Anchorage Alaska Air Traffic Control - PANC clearance, ground, approach live",support@flightaware.com
AM 1050 WLIP live,jp@95wiilrock.com
SUNRISE RADIO Colorado live,anilgoyal.me@gmail.com
Dallah Radio Online live,dallahradioonline@gmail.com
Fuego Radio Us live,fuegoradious@gmail.com
Truckers Music Mix live,kellett2022@gmail.com
WXQW 660 News/Information live,don.boyd@cumulus.com
Arvada Rocks Radio live,arvadarocksradio@gmail.com
Barbwires live,barbwiresradio@icloud.com
WCMG Magic 94.3 FM live,matt.scurry@cumulus.com
WQNT 102.1 The City live,john@kirkmanbroadcasting.com
WDEL 101.7 / 1150 AM live,wdelnews@wdel.com
Tyme 102.9 WTYM live,wtym1029@outlook.com
WKCT Newstalk 930 AM live,alan@wdnsfm.com
Stereo Vida live,maira@svida.us
WYNN 106.3 live,matt.scurry@cumulus.com
WROW Magic 590 AM live,jdelnegro@albanybroadcasting.com
WLIF Today's 101.9 live,Lynn.Sutor@entercom.com
KWIN 97.7 and 98.3 FM live,Programming@KWIN.com
Radio Banda 90 live,jm4seasons@gmail.com
D.OP.E. Internet Radio live,dpe@1doperadio.com
KSKD and KAFY La Favorita FM live,lafavoritaradionetwork@gmail.com
WEVT-LP 98.1 FM live,wevt98@gmail.com
WZGV ESPN 730 AM live,chris@espn730.com
KGNW The Word 820 AM live,marketing@salem.cc
Patriots.com Radio live,webradio@patriots.com
KUAF 2 Classical live,kuafinfo@uark.edu
97 The Point live,97thepoint@gmail.com
LUV Radio Sweet Soca live,luvradioflix@gmail.com
SCIFI dot radio live,info@scifi.radio
KHPH Hawaii Public Radio 88.7 FM live,mail@hawaiipublicradio.org
KWYL Wild 102.9 FM live,KLCA Alice @ 96.5 FM
FunHouse Radio USA live,funhouseradiousa@gmail.com
WSIM Star 93.7 FM live,wayne_mulling@commbroadcasters.com
WBYN 107.5 Alive FM live,comments@1075Alive.com
Mixx Mafia Radio live,mixxmafiaradiostaff@gmail.com
WFSU Public Media live,mail@wfsu.org
De Todo Un Poco Radio live,andresesg2018@gmail.com
WLXO Hank 96.1 FM (US Only) live,info@hank961.com
KSKG 99KG live,salina@eagleradio.net
KWFI The Wolf 96.1/ 102.1 FM live,don@richbroadcasting.com
WCLE 1570 AM live,santoslatinmedia@gmail.com
Precious Radio Funk live,preciousradio@gmail.com
89.5 FM KNCJ live,feedback@kunr.org
LaRadioMix live,@djdeepoise
Live Jam 107 live,don.edwards@livejam107.com
WHGL Wiggle 100 FM live,whgl100@gmail.com
WSLK Lake Radio 880 AM live,info@wslk880.com
Podcast Business News Network 5 live,support@pbnpodcasts.com
WSPR Bomba 104.5 & 1490 live,sales@fullpowerradio.com
WMDJ 100.1 FM live,fm100wmdj@mikrotec.com
WJJR 98.1 JJR live,pcolomb@catamountradio.com
WXEM La Mejor live,danny@lamejorestacion.com
Urban Radio live,shepura@gmail.com
WKYL Classic 102.1 FM live,weku@eku.edu
Radio Restauración y Avivamiento Bryan live,contactanos@restauracionyavivamiento.com
INTERNATIONAL BUSINESS GROWTH RADIO NETWORK live,info@ibgr.network
WRNI The Public's Radio 89.3 FM live,info@thepublicsradio.org
WCTL 106.3 FM live,info@wctl.org
WAKB Magic 100.9 live,info@ppbcinc.com
WDOR 93.9 FM and 910 AM live,email@wdor.com
WTWZ The Tradition 1120 AM live,am1120@wtwzradio.com
WCKX Power 107.5 and 106.3 WBMO live,sharris@radio-one.com
WADK Addiktion Radio live,addiktionRadio99@gmail.com
Radio Activa2 live,l.9425@hotmail.com
LITE 99 Orlando live,mfoland114@gmail.com
Rejoice 101.3 FM 990 AM live,audio@radiorichmond.net
Digital Latino Radio live,digitallatinoradio@gmail.com
WLWF 96.5 The Wolf live,Spencer@StarvedRock.media
myHolidaysEtc live,webmaster@my70sradio.com
Array 107 live,107array@gmail.com
Radio Missions live,pastor@radiomissions.org
113.fm Mistletoe live,contactus@113.fm
KCME / KMPZ All Classical 88.7 / 88.1 FM live,development2@kcme.org
WAYO-LP 104.3 live,info@wayofm.org
JIB on the Web live,jibontheweb@gmail.com
Kickynit Satellite Radio live,KickynitRadio@gmail.com
WNJE 1040 AM live,Dave.McKay@townsquaremedia.com
WKNA 98.3 Sam FM live,info@983samfm.com
1430 KYKN live,mfrith@kykn.com
All About Us Radio live,allaboutusradio@gmail.com
WSLQ Q99.1 FM (US Only) live,nscott@Wheelerbroadcasting.com
WITT 91.9 live,919witt@core.com
WWKL Hot 106.7 FM live,venetia@hot935fm.com
WJVL 99.9 FM live,redhot@bigradio.fm
JazzBitesRadio CH1 Smooth Jazz live,jazzbitesradio@gmail.com
Cheap Music live,savantseeker@yahoo.com
River Rock 97.5 FM live,schepercomm@yahoo.com
Idolos del Pueblo live,tangomosos@gmail.com
Mi Redentor Vive live,radiomirv@gmail.com
WSLX 91.9 live,admissions@stlukesct.org
THE BOOM FM live,info.theboom@gmail.com
La Voz del Migrante live,tardesalegres@hotmail.com
KFSZ Hits 106.1 FM live,contests@hits1061.com
WXNA 101.5 FM live,underwriting@wxnafm.org
WCKN Kickin' Country 92.5 FM (US Only) live,pomalley@charlestonradiogroup.com
LaBakaNa609 live,info@asigum.com
KZLY La Kaliente 99.5 FM live,office@eaglemediagroup.net
WeeLive Radio live,weeliveradio@gmail.com
Channel R - Todays Hits live,studio@channelrradio.com
BlackLight Radio live,inbox@blacklightradio.com
WECL 92.9 The X FM live,webmaster@929thex.com
92.5 KLAD live,KAGO The Rock @ 94.9
Real Country 99.3 KDST live,kdst993@iowatelecom.net
WEHP Happi 92.7 FM live,info@happi927.com
Public Radio San Francisco live,Rakeshkumarz791free@gmail.com
WHHR Freedom Radio FM live,connect@freedomradiofm.com
BBS Radio live,contact@bbsradio.com
WBJR Outsider Radio live,wbjrradio@outlook.com
WOPP 1290 AM live,wopp@wopp.com
WFRB Big Froggy 105.3 FM live,tmartin@forevermediainc.com
KNNW Now 103.1 FM live,Tlay.Collins@smgnational.com
WBWN B104 live,ruth.nichols@cumulus.com
SUNRISE RADIO Texas live,anilgoyal.me@gmail.com
WMRC First Class Radio 1490 AM live,raywmrc@gmail.com
WYTT Jamz 99.5 FM live,cj@995jamz.com
theBIG1510.com live,studio@theBIG1510.com
WDNS D 93.3 FM live,alan@wdnsfm.com
WPLY Sports Radio 610 AM (US Only) live,contact@sportsradiova.com
Karicias 95 FM live,DONFRANK54@GMAIL.COM
KOPY 1070 La Poderosa live,lapoderosa1070am@yahoo.com
The Joint live,SoulcaferadioNYC@gmail.com
WITK 1550 AM live,denise@wilkinsradio.com
Accordion Abuse Radio live,djflaco247@yahoo.com
WAJI Majic 95.1 live,CDidier@stfortwayne.com
WTTU 88.5 FM live,wttu@tntech.edu
WFYX Kool 106.7 & 96.3 True Oldies live,nromano@greateasternradio.com
98FROG live,NewCountry@98FROG.COM
Mojo 5-0 Radio live,info@mojo50.com
KRUZ 103.3 FM live,Sommer.Frisk@cumulus.com
WOGY Froggy 104.1 FM live,froggystudio@radio731.com
WFJS Domestic Church 1260 live,info@DomesticChurchMedia.org
KMNQ La Raza live,armando@laraza1400.com
SUNRISE RADIO Minnesota live,anilgoyal.me@gmail.com
WRNJ Oldies 1510 live,nworth@wrnj.com
La Traviesa live,latraviezaradio@gmail.com
KXGR GRACE 89.7 FM live,studio@gracefmcolorado.com
Yummy Hits Radio live,info@yummyhitsradio.com
WWCF 88.7 FM live,info@wwcfradio.org
Powerhitz.com - Bumpin' Classic Soul live,powerhitz@powerhitz.com
ROCK-ON RADIO 99.5 live,rockonradio99.5@gmail.com
Tropical 772 Radio live,tropical772radio@gmail.com
WWEV Victory 91.5 FM live,support@victory.radio
Absolute Radio Country live,staff@absoluteradionetwork.com
Public Radio Houston live,Rakeshkumarz791free@gmail.com
KKSP The Fish 93.3 FM (US Only) live,russ@salemlr.com
WZBZ 99.3 The Buzz live,gfisher@equitycommunications.net
Radio Planeta Stereo Las Vegas live,stereo.planeta@gmail.com
Radio Prelude live,info@radioprelude.com
WWGB Poder 1030 AM live,info@web-agency.com
WRMM Warm 101.3 live,stan@warm1013.com
Spanish RadioMv live,info@radiomv.com
AldeaRadio.com live,info@aldearadio.com
WSMP-LP Renew 96.9 live,radio@renew969.com
Radio Westchester  live,contact@radiowestchester.com
KANE Radio 1240 AM live,jeff@kane1240.com
KDDK Latin 105.5 Baton Rouge live,kddk1055@att.net
Radio Renuevo live,aldoblandonreyes@gmail.com
ACW Broadcasting live,catxmixxmafiaradio@gmail.com
WSRX-LP VernonFM 107.9 FM live,info@vernonfm.org
WPVQ 92.3 The Outlaw live,nick@whai.com
Personal Favorites by Chris Jones live,chris591@chrisjonesmedia.com
WATD-FM 95.9 live,webteam@959watd.com
KSEF-DB live,seveneightfive@gmail.com
KONA-FM Mix 105.3 live,ajbrewster@cherrycreekmedia.com
New Country 103.1 WIRK live,brucelogan@hubbardradio.com
Mediiazone Radio live,mediiazone@gmail.com
LMB Radio Garifuna Live live,lmbroots@gmail.com
WROI 92.1 FM live,paul@wroifm.com
Hits247fm.com live,hits247fm@gmail.com
Galeria Stereo Musical FM live,galeriastereo@yahoo.com
WNYK Warrior Radio live,wnyk@nyack.edu
Classic Country 1570 AM/94.1 FM KNDY live,studio@kndyradio.com
Bemusic Radio live,bemusicurbanradiocontacto@gmail.com
Ralston Radio live,buxmont1@gmail.com
Radi Old Cuba Cafe live,oldcubancafe@bellsouth.net
Radio Alpha International live,baroncorvo@hotmai.it
KISR 93.7 FM live,webmaster@kisr.net
KTKE Truckee Tahoe Radio 101.5 FM live,info@truckeetahoeradio.com
WNFM Country 104.9 FM live,advertise@magnum.media
WCHK The Chicken 101.3 live,mightychicken@chicken1013.com
Turn It Up Radio live,gladeforestmedia@outlook.com
Fuerza 7 live,fuerza7radio@gmail.com
WWSJ Joy 1580 live,joy1580@sbcglobal.net
WQBR The Bear Country 99.9 FM live,bear@kcnet.org
KCMX 101.9 Lite FM live,leslie.haze@smgnational.com
Airstrike Radio live,airstrikeradiomp3@gmail.com
Nube Radio live,melgyn18@me.com
KRUN 1400 AM live,krun1400@hotmail.com
KDAQ / KBSA / KLSA Red River Radio 89.9 / 90.9 / 90.7 FM live,redriverradiomail@gmail.com
WJCX 99.5 FM live,info@ccbangor.org
HitOldies live,hitoldies2020@gmail.com
DBNFAM UNDERGROUND RADIO live,dbnliveradio@gmail.com
KMGI Magik 102.5 FM live,martinezkbear@gmail.com
KODM Mix 97.9 live,leo.caro@townsquaremedia.com
Anchorage Alaska Air Traffic Control - PANC tower live,support@flightaware.com
Stereo Revelacion Divina live,dpastor014@gmail.com
WOBL Gold Country 1320 AM & 107.7 FM live,woblwdlw@yahoo.com
KMGO 98.7 live,edwin.brand@icloud.com
WCUG Cougar Radio live,rorer_matthew@columbusstate.edu
WELE The Cat 1380 live,programming.wele@gmail.com
WFLY FLY 92.3 live,ally@fly92.com
KCLH Classic Hits 94.7 live,email@classichits947.com
WAIF 88.3 FM live,waifcincinnati@gmail.com
Radio Emilia live,carlosguidoproducer@gmail.com
Southern Soul Peach Radio live,southernsoulpeachradio@consultant.com
Enigmatic Bar RadioSpinner live,air@radiospinner.com
La Frontera Radio live,lafronteraradio@outlook.com
KOCI-LP 101.5 FM live,kociradio@gmail.com
WJRRadio / WereJusRap live,radiomga@gmail.com
Estereo Rayos Brillantes live,baldosales@gmail.com
WSUN-FM 97X live,Lawless@1073theeagle.com
WCOW Cow 97.1 FM live,arnie@cow97.com
WZRD The Wizard 88.3 live,info@wzrdchicago.org
First Bible Network live,outreach@marcionitechurch.org
Radio Estudio Fiesta live,radioestudiofiesta@gmail.com
TropiQ Radio live,djfantasma2029@gmail.com
WJST - 102.1 Retro FM live,jetstreammediallc@gmail.com
WKDV La Ley 1460 AM live,sales@metroradioinc.com
KIXW Talk 960 AM live,chrisfleming@edbroadcasters.com
Radio Punjab Today live,info@RadioPunjabToday.com
KMUW live,info@kmuw.org
WKAA 99.5 Kix Country live,jmathews@blackcrow.fm
KHTE The Box 96.5 FM live,jquarles@965thebox.com
KOAY Project 88.7 FM live,pulse@project887.fm
Caribbean Rhythms Radio Network live,caribbeanrhythmsradio2020@gmail.com
Gaslight Square R&B live,gaslightsquare@currently.com
WVBA Vermont Public Radio 88.9 FM live,news@vpr.net
WBGQ Q100.7 FM live,radiomanone@hotmail.com
WCJW CJ Country 100.9 FM live,jimi@wcjw.com
WCQL Hits 95.9 live,cashworth@rrggf.com
WTOD 106.5 The Ticket live,danadimodica@cumulus.com
Dead To Self Radio live,tom@deadtoselfradio.com
KGRG 89.9 live,programming@kgrg1.com
WBBX B106.1 live,steve@b106radio.com
WOWL Fun 91.9 FM live,wadi@bellsouth.net
Radio Corinto Miami live,rcorintomiami@radiocorintomiami.com
WCHV C-Ville 107.5 and 1260 live,joe@monticellomedia.com
BGM Life Network live,BGMLifeNetwork@gmail.com
WWQI The Life FM live,comments@thelifefm.com
WMRS Sunny 107.7 FM live,kevinp@wmrsradio.com
WQGN Q105 live,david.bartley@cumulus.com
WLFK 95.3 The Wolf live,jim_leven@commbroadcasters.com
WQKS The Vault 107.1 FM live,rpeters@bluewaterbroadcasting.com
El Reino De Dios live,santizo12@yahoo.com
Gaslight Square Bluegrass live,gaslightsquare@currently.com
VillageRadio.Net live,contact@villageradio.net
98.3 WSUL live,dciorciari@boldgoldmedia.com
WOOF The Ball live,woof@ala.net
91.5 The Rebel-HD2 live,Friday@5
WLJZ 107.1 FM live,Independent Tuesday - Is It I.T. 9am -10am & Recap @ 5pm
Radio Terre live,luistrompet@hotmail.com
KSHO 94.1 FM-920 AM live,webmaster@kgal.com
Hood Idol Radio live,hoodidoltour@yahoo.com
Jammin' 98 live,jammin98radio@gmail.com
Bob Joyce Radio live,bobjoyce.org@att.net
113.fm Big Kickin' Country live,contactus@113.fm
America's Rock Radio live,rock.radio@outlook.com
WDZY 1290 AM live,Denise@WilkinsRadio.com
Radio PowerStar FM live,powerstarfmradio@gmail.com
WNNU New England Public Media live,radio@nepr.net
WVHK Hot 100 live,angie@newriverradio.com
She's The B.O.S.S. Radio Network live,Info@ShesTheBOSSRadio.com
KDJF Chet 93.5 FM live,troy@fbxradio.com
WVIL 101.3 live,jayneece@comcast.net
Candid Radio South Carolina live,anilgoyal.me@gmail.com
Mp3Radio live,info@mp3radio.fm
J.A.Z.Z. VNU live,contact@thejazzvnu.com
WWRN Renew FM live,info@renewfm.org
Gaslight Square Gospel live,gaslightsquare@currently.com
Vintage Obscura Radio live,hello@vintageobscura.net
WOFR Bible Station live,drbill@wofr.org
KDYN / KLYR - 1360 / 1540 AM & 92.7 FM live,truecountryradio@yahoo.com
Sound Radio WPAE KPAE live,Marc@milldale.org
B98 live,b98kansascity@gmail.com
WITH-FM 90.1 live,mblack@withradio.org
Radio Conquista USA live,miaguiusa@gmail.com
AcousticAlternative live,info@acousticalternative.com
101TheVibeFM Radio live,101TheVibeFM@gmail.com
KVYN 99.3 FM The Vine live,Info@WineDownMedia.com
Radio Panick FM live,panickcommunications@yahoo.com
WBSC-LP Radio 102.3 FM live,risinghigh@att.net
WMJZ Eagle 101.5 FM live,bryan@eagle1015.com
WXHB Alive 96.5 live,alivefm@alive.fm
SUNRISE RADIO New Mexico live,anilgoyal.me@gmail.com
LUV Radio Latin America live,luvradioflix@gmail.com
WLVA-DB The CROCK live,info@thecrockradio.com
APS Radio News live,apsradio@protonmail.com
KOOP 91.7 FM live,info@koop.org
WYQQ The Q 90.1 FM live,contact@theq901.com
CNY Network Radio live,info@cnynetworkradio.com
WRWH 1350 live,info@wrwh.com
WCBU 89.9 live,wcbupeoria@ilstu.edu
KCAW 104.7 FM live,generalmanager@kcaw.org
WEXT Exit 97.7 FM live,feedback@exit977.org
Radio La Preferida live,lapreferidalameramera@gmail.com
WEFX 100.7 The Eagle live,jim_leven@commbroadcasters.com
Realmuzic.net live,Realmuzic.net@gmail.com
WRCV River Country 101.7 live,kddavis@nrgmedia.com
Suite 100 live,webmaster@suite100radio.com
RockRadio (MRG.fm) live,info@rockradio.org
WROB The Rob live,rshaw72@gmail.com
KMA 960 live,kmaradio@kmaland.com
The Big Beat FM live,info@thebigbeat.fm
KefiFM live,info@kefifm.com
WHLL 98.1 Nash Icon live,Jim.Raino@entercom.com
KRUA The Edge 88.1 FM live,krua.stationmanager@alaska.edu
Vibe Country live,operations@thevibefm.net
APS Radio live,apsradio@protonmail.com
WNUC-LP live,revjoan@wnuc.org
Roka Radio live,rokamusical@gmail.com
WKAV The Oasis 94.1 live,pam@monticellomedia.com
Beyond Words live,streamingclean@gmail.com
98.9 FM WYRZ live,info@wyrz.org
Liberacion Radio live,cr8022105@gmail.com
Radio FM Best live,crazyamor@hotmail.com
DFW Radio live,david@dfwradio.net
WMXM Lake Forest College Radio live,gm@wmxm.org
Wetalk247 live,info@wetalk247.com
WBZE Star 98.9 live,dot.ealy@cumulus.com
Radio Adoracion Tri-Cities WA 24/7 live,castilloj80@gmail.com
WAYQ WAY 88.3 FM live,supportservices@wayfm.com
VENOM Live live,shane@venom.fm
La Voz Del Mesias Radio live,iglesiapentecostalelmesias@gmail.com
Cleansing Mix live,musikmann@cleansingmusic.com
Signal To Noise Radio live,info@stnradio.com
WZLK Z 107.5 FM live,info@mountain-topmedia.com
De Musical PM Radio live,mattei310@gmail.com
Espace FM 98.3 live,espacemediagroup@gmail.com
Righteous Rock Radio live,righteousrockradio@gmail.com
Cruz Inc Radio 102.8 live,crruzincradio@gmail.com
Jukebox 92.7 WEPQ live,jukebox927@yahoo.com
WPTH VCY America live,vcy@vcyamerica.org
WMTU Radio 91.9 live,wmtu@mtu.edu
WVBL West Virginia Public Broadcasting 88.5 FM live,feedback@wvpublic.org
KOTM-FM 97.7 Tom FM live,info@ottumwaradio.com
WTBQ 93.5 FM/1110 AM live,Frank@WTBQ.com
WTPB-LP 99.3 live,RockfordWTPB@yahoo.com
KGMX New K-Mix 106.3 FM live,jody.mcelfresh@pointbroadcastingllc.com
VIP105fm live,vip105fm@gmail.com
KOTM-FM 97.7 Tom FM live,info@ottumwaradio.com
SUNRISE RADIO Florida live,anilgoyal.me@gmail.com
LUV Radio Trinidad & Tobago live,luvradioflix@gmail.com
Sonido Generacional HD live,sonidogeneracional@gmail.com
Boss Up Radio live,bossvision210@gmail.com
Rey de Reyes live,josuedelrisario@gmail.com
WQTL Kool Oldies 106.1 FM live,jasonlamp@argtf.com
WJQK Joy 99.3 live,traffic@joy99.com
Chilli Jazz live,chillijazz@btinternet.com
Candid Radio Oregon live,anilgoyal.me@gmail.com
WMJC Calvary Radio Network live,info@calvaryradionet.com
WJHW Old Paths Radio Network 89.5 FM live,oldpaths1611@gmail.com
Biggs Radio Station live,biggsradio@gmail.com
Popstar! Radio live,popstarradioonline@gmail.com
WONU Shine.FM live,shine@olivet.edu
