"['KBAQ / KBACH 89.5 FM live', 'listener_services@kbach.org']","['Radio Cristiana Larga Vida Texas live', 'Radiolargavida@gmail.com']","['Radio Cristiana Rios de Agua Viva live', 'rcrdeaguaviva@gmail.com']","['WAFX 106.9 The Fox live', 'comment@1069thefox.com']","['Hot 107.1 live', 'hot1071fm@gmail.com']","['WJLX Oldies 101.5 & 1240 live', 'wjlxremote@gmail.com']","['Zero Beat Ambient Zone (MRG.fm) live', 'info@zerobeat.zone']","['WFSH 104.7 The Fish live', 'thefish@thefishatlanta.com']","['Boston Urban Radio live', '@Ledisi']"
"['KBAQ / KBACH 89.5 FM live', 'listener_services@kbach.org']","['Radio Cristiana Larga Vida Texas live', 'Radiolargavida@gmail.com']","['Radio Cristiana Rios de Agua Viva live', 'rcrdeaguaviva@gmail.com']","['WAFX 106.9 The Fox live', 'comment@1069thefox.com']","['Hot 107.1 live', 'hot1071fm@gmail.com']","['WJLX Oldies 101.5 & 1240 live', 'wjlxremote@gmail.com']","['Zero Beat Ambient Zone (MRG.fm) live', 'info@zerobeat.zone']","['WFSH 104.7 The Fish live', 'thefish@thefishatlanta.com']","['Boston Urban Radio live', '@Ledisi']","['WAKY 103.5 FM (US Only) live', ""Johnny Randolph's Top 5 @ 5""]","['Miami One Radio live', 'info@miamioneradio.com']","['WXMG Magic 95.5 FM live', 'Publicfilecontact@radio-one.com']","['The Roots HD live', 'john@theroots.fm']","['KWIP La Campeona live', 'info@kwip.com']","['WJMJ Catholic Radio 88.9 live', 'studio@wjmj.org']","['KBON 101.1 FM live', 'dj@kbon.com']","['WNBU Groovin Oldies live', 'hank@ibxmedia.com']","['NJSunrise Tamil Radio live', 'njsunriseradio@gmail.com']","['Polski FM live', 'mail@polskifm.live']","['House Attack Radio live', 'radio@houseAttack.co']","['WGMD 92.7 FM live', 'info@wgmd.com']","['WCOA News/Talk live', 'Glenn.Johnson@Cumulus.com']","['WSIG Country Legends 96.9 FM live', 'pmcdaniel@harrisonburgradiogroup.com']","['Vibes-Live Reggae live', 'ROBINLYNNEMABIN@GMAIL.COM']","['Old Fashioned Christian Music live', 'mcfadden-michael@sbcglobal.net']","['Musica Sonidera Radio live', 'sonideraradio@gmail.com']","['WGOK Gospel 900 live', 'jimmy.steele@cumulus.com']","['KSRT Radio Lazer 107.1 FM live', 'Info@LazerBroadcasting.com']","['WAMC live', 'mail@wamc.org']","['WIIN Blues 93.1 FM live', 'billr@radiopeople.net']","['WNKO KOOL 101.7 FM live', 'studio@wnko.com']"
"['KBAQ / KBACH 89.5 FM live', 'listener_services@kbach.org']","['Radio Cristiana Larga Vida Texas live', 'Radiolargavida@gmail.com']","['Radio Cristiana Rios de Agua Viva live', 'rcrdeaguaviva@gmail.com']","['WAFX 106.9 The Fox live', 'comment@1069thefox.com']","['Hot 107.1 live', 'hot1071fm@gmail.com']","['WJLX Oldies 101.5 & 1240 live', 'wjlxremote@gmail.com']","['Zero Beat Ambient Zone (MRG.fm) live', 'info@zerobeat.zone']","['WFSH 104.7 The Fish live', 'thefish@thefishatlanta.com']","['Boston Urban Radio live', '@Ledisi']","['WAKY 103.5 FM (US Only) live', ""Johnny Randolph's Top 5 @ 5""]","['Miami One Radio live', 'info@miamioneradio.com']","['WXMG Magic 95.5 FM live', 'Publicfilecontact@radio-one.com']","['The Roots HD live', 'john@theroots.fm']","['KWIP La Campeona live', 'info@kwip.com']","['WJMJ Catholic Radio 88.9 live', 'studio@wjmj.org']","['KBON 101.1 FM live', 'dj@kbon.com']","['WNBU Groovin Oldies live', 'hank@ibxmedia.com']","['NJSunrise Tamil Radio live', 'njsunriseradio@gmail.com']","['Polski FM live', 'mail@polskifm.live']","['House Attack Radio live', 'radio@houseAttack.co']","['WGMD 92.7 FM live', 'info@wgmd.com']","['WCOA News/Talk live', 'Glenn.Johnson@Cumulus.com']","['WSIG Country Legends 96.9 FM live', 'pmcdaniel@harrisonburgradiogroup.com']","['Vibes-Live Reggae live', 'ROBINLYNNEMABIN@GMAIL.COM']","['Old Fashioned Christian Music live', 'mcfadden-michael@sbcglobal.net']","['Musica Sonidera Radio live', 'sonideraradio@gmail.com']","['WGOK Gospel 900 live', 'jimmy.steele@cumulus.com']","['KSRT Radio Lazer 107.1 FM live', 'Info@LazerBroadcasting.com']","['WAMC live', 'mail@wamc.org']","['WIIN Blues 93.1 FM live', 'billr@radiopeople.net']","['WNKO KOOL 101.7 FM live', 'studio@wnko.com']","['KGOW Viet Radio 1560 live', 'info@vietradio.com']","['Jam Radio live', 'djplay@live.com']","[""KOKO Jammin' 94.3 live"", 'requests@jammin943.com']","[""Cleansing 60's live"", 'musikmann@cleansingmusic.com']","['Low Country Radio live', 'lowcountryradio@gmail.com']","['Magia Grupera 106.9 live', 'office@eaglemediagroup.net']","['WRRM Warm 98 FM live', 'brian.demay@cumulus.com']","['Z93 ziempre FM live', 'z93laredo@kjbz.com']","['WJWZ 97.9 Jamz live', 'rpeters@bluewaterbroadcasting.com']","['Musica Sonidera live', 'iieclipsemoon@gmail.com']","['WSCF 91.9 Christian FM live', 'connect@christianfm.com']","['LMAO (Comedy) - FadeFM.com live', 'info@fadefm.com']","['KRVR The River 105.5 FM live', 'Jim@KRVR.com']","['KKFR Power live', 'power983az@gmail.com']","['KCEP Power 88 FM live', 'info@power88lv.com']","['WBAM Bama Country 98.9 live', 'rpeters@bluewaterbroadcasting.com']","['The Smooth Guitar Place live', 'radioguitarone@gmail.com']","['Latin Mix Masters Radio live', 'latinmixmasters@gmail.com']","['Oldies WMVO live', 'curtisnewland@basbroadcasting.com']"
"['KBAQ / KBACH 89.5 FM live', 'listener_services@kbach.org']","['Radio Cristiana Larga Vida Texas live', 'Radiolargavida@gmail.com']","['Radio Cristiana Rios de Agua Viva live', 'rcrdeaguaviva@gmail.com']","['WAFX 106.9 The Fox live', 'comment@1069thefox.com']","['Hot 107.1 live', 'hot1071fm@gmail.com']","['WJLX Oldies 101.5 & 1240 live', 'wjlxremote@gmail.com']","['Zero Beat Ambient Zone (MRG.fm) live', 'info@zerobeat.zone']","['WFSH 104.7 The Fish live', 'thefish@thefishatlanta.com']","['Boston Urban Radio live', '@Ledisi']","['WAKY 103.5 FM (US Only) live', ""Johnny Randolph's Top 5 @ 5""]","['Miami One Radio live', 'info@miamioneradio.com']","['WXMG Magic 95.5 FM live', 'Publicfilecontact@radio-one.com']","['The Roots HD live', 'john@theroots.fm']","['KWIP La Campeona live', 'info@kwip.com']","['WJMJ Catholic Radio 88.9 live', 'studio@wjmj.org']","['KBON 101.1 FM live', 'dj@kbon.com']","['WNBU Groovin Oldies live', 'hank@ibxmedia.com']","['NJSunrise Tamil Radio live', 'njsunriseradio@gmail.com']","['Polski FM live', 'mail@polskifm.live']","['House Attack Radio live', 'radio@houseAttack.co']","['WGMD 92.7 FM live', 'info@wgmd.com']","['WCOA News/Talk live', 'Glenn.Johnson@Cumulus.com']","['WSIG Country Legends 96.9 FM live', 'pmcdaniel@harrisonburgradiogroup.com']","['Vibes-Live Reggae live', 'ROBINLYNNEMABIN@GMAIL.COM']","['Old Fashioned Christian Music live', 'mcfadden-michael@sbcglobal.net']","['Musica Sonidera Radio live', 'sonideraradio@gmail.com']","['WGOK Gospel 900 live', 'jimmy.steele@cumulus.com']","['KSRT Radio Lazer 107.1 FM live', 'Info@LazerBroadcasting.com']","['WAMC live', 'mail@wamc.org']","['WIIN Blues 93.1 FM live', 'billr@radiopeople.net']","['WNKO KOOL 101.7 FM live', 'studio@wnko.com']","['KGOW Viet Radio 1560 live', 'info@vietradio.com']","['Jam Radio live', 'djplay@live.com']","[""KOKO Jammin' 94.3 live"", 'requests@jammin943.com']","[""Cleansing 60's live"", 'musikmann@cleansingmusic.com']","['Low Country Radio live', 'lowcountryradio@gmail.com']","['Magia Grupera 106.9 live', 'office@eaglemediagroup.net']","['WRRM Warm 98 FM live', 'brian.demay@cumulus.com']","['Z93 ziempre FM live', 'z93laredo@kjbz.com']","['WJWZ 97.9 Jamz live', 'rpeters@bluewaterbroadcasting.com']","['Musica Sonidera live', 'iieclipsemoon@gmail.com']","['WSCF 91.9 Christian FM live', 'connect@christianfm.com']","['LMAO (Comedy) - FadeFM.com live', 'info@fadefm.com']","['KRVR The River 105.5 FM live', 'Jim@KRVR.com']","['KKFR Power live', 'power983az@gmail.com']","['KCEP Power 88 FM live', 'info@power88lv.com']","['WBAM Bama Country 98.9 live', 'rpeters@bluewaterbroadcasting.com']","['The Smooth Guitar Place live', 'radioguitarone@gmail.com']","['Latin Mix Masters Radio live', 'latinmixmasters@gmail.com']","['Oldies WMVO live', 'curtisnewland@basbroadcasting.com']","['KFMW Rock 108 live', 'rockstudio@rock108.com']","['WKIT 100.3 live', 'wkit@zoneradio.com']","['WRQE Rocky 106.1 FM live', 'tmartin@forevermediainc.com']","['Konpa Agogo live', 'info@konpaagogo.com']","['KMKF K-Rock 101.5 live', 'sloan@purerock.com']","[""Cleansing 50's live"", 'musikmann@cleansingmusic.com']","['Radio Rumba Vacilon live', 'remigio228@gmail.com']","['KDPT-LP KIST Bronco Radio 102.9 and 107.7 FM live', 'jose.fierros@rinconbroadcasting.com']","['Bachata Radio live', 'Bachatapueblo1@gmail.com']","['NewsTalkSTL KLJY FM 101.9 - 99.1 HD3 live', 'info@newstalkstl.com']","['WSOX 96.1 SOX FM live', 'bobby.d@cumulus.com']","['Radio Bachata Cristiana FM live', 'radiobachatacristianafm@gmail.com']","['KZER Radio Lazer 106.5 FM y 1250 AM live', 'Info@LazerBroadcasting.com']","['WHOG 95.7 The Hog live', 'mgodard@sscdaytona.com']","['Voice of Punjab Radio live', 'voiceofpunjabradio@gmail.com']","['WNED Classical 94.5 FM live', 'news@wbfo.org']","['WDHA-FM 105.5 live', 'Terrie.Carr@bbgi.com']","['Oldies Radio Live 365 live', 'oldiesradiolive365@gmail.com']","['KBTT Tha Beat 103.7 FM live', 'quinn.echols@alphamediausa.com']"
"['KBAQ / KBACH 89.5 FM live', 'listener_services@kbach.org']","['Radio Cristiana Larga Vida Texas live', 'Radiolargavida@gmail.com']","['Radio Cristiana Rios de Agua Viva live', 'rcrdeaguaviva@gmail.com']","['WAFX 106.9 The Fox live', 'comment@1069thefox.com']","['Hot 107.1 live', 'hot1071fm@gmail.com']","['WJLX Oldies 101.5 & 1240 live', 'wjlxremote@gmail.com']","['Zero Beat Ambient Zone (MRG.fm) live', 'info@zerobeat.zone']","['WFSH 104.7 The Fish live', 'thefish@thefishatlanta.com']","['Boston Urban Radio live', '@Ledisi']","['WAKY 103.5 FM (US Only) live', ""Johnny Randolph's Top 5 @ 5""]","['Miami One Radio live', 'info@miamioneradio.com']","['WXMG Magic 95.5 FM live', 'Publicfilecontact@radio-one.com']","['The Roots HD live', 'john@theroots.fm']","['KWIP La Campeona live', 'info@kwip.com']","['WJMJ Catholic Radio 88.9 live', 'studio@wjmj.org']","['KBON 101.1 FM live', 'dj@kbon.com']","['WNBU Groovin Oldies live', 'hank@ibxmedia.com']","['NJSunrise Tamil Radio live', 'njsunriseradio@gmail.com']","['Polski FM live', 'mail@polskifm.live']","['House Attack Radio live', 'radio@houseAttack.co']","['WGMD 92.7 FM live', 'info@wgmd.com']","['WCOA News/Talk live', 'Glenn.Johnson@Cumulus.com']","['WSIG Country Legends 96.9 FM live', 'pmcdaniel@harrisonburgradiogroup.com']","['Vibes-Live Reggae live', 'ROBINLYNNEMABIN@GMAIL.COM']","['Old Fashioned Christian Music live', 'mcfadden-michael@sbcglobal.net']","['Musica Sonidera Radio live', 'sonideraradio@gmail.com']","['WGOK Gospel 900 live', 'jimmy.steele@cumulus.com']","['KSRT Radio Lazer 107.1 FM live', 'Info@LazerBroadcasting.com']","['WAMC live', 'mail@wamc.org']","['WIIN Blues 93.1 FM live', 'billr@radiopeople.net']","['WNKO KOOL 101.7 FM live', 'studio@wnko.com']","['KGOW Viet Radio 1560 live', 'info@vietradio.com']","['Jam Radio live', 'djplay@live.com']","[""KOKO Jammin' 94.3 live"", 'requests@jammin943.com']","[""Cleansing 60's live"", 'musikmann@cleansingmusic.com']","['Low Country Radio live', 'lowcountryradio@gmail.com']","['Magia Grupera 106.9 live', 'office@eaglemediagroup.net']","['WRRM Warm 98 FM live', 'brian.demay@cumulus.com']","['Z93 ziempre FM live', 'z93laredo@kjbz.com']","['WJWZ 97.9 Jamz live', 'rpeters@bluewaterbroadcasting.com']","['Musica Sonidera live', 'iieclipsemoon@gmail.com']","['WSCF 91.9 Christian FM live', 'connect@christianfm.com']","['LMAO (Comedy) - FadeFM.com live', 'info@fadefm.com']","['KRVR The River 105.5 FM live', 'Jim@KRVR.com']","['KKFR Power live', 'power983az@gmail.com']","['KCEP Power 88 FM live', 'info@power88lv.com']","['WBAM Bama Country 98.9 live', 'rpeters@bluewaterbroadcasting.com']","['The Smooth Guitar Place live', 'radioguitarone@gmail.com']","['Latin Mix Masters Radio live', 'latinmixmasters@gmail.com']","['Oldies WMVO live', 'curtisnewland@basbroadcasting.com']","['KFMW Rock 108 live', 'rockstudio@rock108.com']","['WKIT 100.3 live', 'wkit@zoneradio.com']","['WRQE Rocky 106.1 FM live', 'tmartin@forevermediainc.com']","['Konpa Agogo live', 'info@konpaagogo.com']","['KMKF K-Rock 101.5 live', 'sloan@purerock.com']","[""Cleansing 50's live"", 'musikmann@cleansingmusic.com']","['Radio Rumba Vacilon live', 'remigio228@gmail.com']","['KDPT-LP KIST Bronco Radio 102.9 and 107.7 FM live', 'jose.fierros@rinconbroadcasting.com']","['Bachata Radio live', 'Bachatapueblo1@gmail.com']","['NewsTalkSTL KLJY FM 101.9 - 99.1 HD3 live', 'info@newstalkstl.com']","['WSOX 96.1 SOX FM live', 'bobby.d@cumulus.com']","['Radio Bachata Cristiana FM live', 'radiobachatacristianafm@gmail.com']","['KZER Radio Lazer 106.5 FM y 1250 AM live', 'Info@LazerBroadcasting.com']","['WHOG 95.7 The Hog live', 'mgodard@sscdaytona.com']","['Voice of Punjab Radio live', 'voiceofpunjabradio@gmail.com']","['WNED Classical 94.5 FM live', 'news@wbfo.org']","['WDHA-FM 105.5 live', 'Terrie.Carr@bbgi.com']","['Oldies Radio Live 365 live', 'oldiesradiolive365@gmail.com']","['KBTT Tha Beat 103.7 FM live', 'quinn.echols@alphamediausa.com']","['WMAS 94.7 FM live', 'craig.swimm@entercom.com']","['Soft Hits 93.5 FM WAKR live', 'lkelly@rcrg.net']","['Powerhitz.com - Real RnB live', 'powerhitz@powerhitz.com']","['La Poderosa Radio live', 'rumbaatlanta@hotmail.com']","['WBLX 93 BLX live', 'The Hip Hop Lounge with Nick @ Nite']","['WAMA La Ley 1550 live', 'info@laleyradio.com']","['WLDE Classic Hits 101.7 live', 'captchris@wlde.com']","['WTRC News Talk 95.3 MNC live', 'news@953mnc.com']","['Dj Carlos Mix live', 'carlosnewmandj@gmail.com']","['WJTT Power 94.3 FM live', 'Keith@brewermediagroup.com']","['WCPE / WBUX / WURI The Classical Station 89.7 / 90.5 / 90.9 FM live', 'webmaster@TheClassicalStation.org']","['KAFR American Family Radio 88.3 FM live', 'faq@afa.net']","['La Radio Del Compadre live', 'laradiodelcompadre@gmail.com']","['98.9 WOKO live', 'mrgrasso@hallradio.net']","['WIZF The Wiz 101.1 FM (US Only) live', 'sharris@radio-one.com']"
"['KBAQ / KBACH 89.5 FM live', 'listener_services@kbach.org']","['Radio Cristiana Larga Vida Texas live', 'Radiolargavida@gmail.com']","['Radio Cristiana Rios de Agua Viva live', 'rcrdeaguaviva@gmail.com']","['WAFX 106.9 The Fox live', 'comment@1069thefox.com']","['Hot 107.1 live', 'hot1071fm@gmail.com']","['WJLX Oldies 101.5 & 1240 live', 'wjlxremote@gmail.com']","['Zero Beat Ambient Zone (MRG.fm) live', 'info@zerobeat.zone']","['WFSH 104.7 The Fish live', 'thefish@thefishatlanta.com']","['Boston Urban Radio live', '@Ledisi']","['WAKY 103.5 FM (US Only) live', ""Johnny Randolph's Top 5 @ 5""]","['Miami One Radio live', 'info@miamioneradio.com']","['WXMG Magic 95.5 FM live', 'Publicfilecontact@radio-one.com']","['The Roots HD live', 'john@theroots.fm']","['KWIP La Campeona live', 'info@kwip.com']","['WJMJ Catholic Radio 88.9 live', 'studio@wjmj.org']","['KBON 101.1 FM live', 'dj@kbon.com']","['WNBU Groovin Oldies live', 'hank@ibxmedia.com']","['NJSunrise Tamil Radio live', 'njsunriseradio@gmail.com']","['Polski FM live', 'mail@polskifm.live']","['House Attack Radio live', 'radio@houseAttack.co']","['WGMD 92.7 FM live', 'info@wgmd.com']","['WCOA News/Talk live', 'Glenn.Johnson@Cumulus.com']","['WSIG Country Legends 96.9 FM live', 'pmcdaniel@harrisonburgradiogroup.com']","['Vibes-Live Reggae live', 'ROBINLYNNEMABIN@GMAIL.COM']","['Old Fashioned Christian Music live', 'mcfadden-michael@sbcglobal.net']","['Musica Sonidera Radio live', 'sonideraradio@gmail.com']","['WGOK Gospel 900 live', 'jimmy.steele@cumulus.com']","['KSRT Radio Lazer 107.1 FM live', 'Info@LazerBroadcasting.com']","['WAMC live', 'mail@wamc.org']","['WIIN Blues 93.1 FM live', 'billr@radiopeople.net']","['WNKO KOOL 101.7 FM live', 'studio@wnko.com']","['KGOW Viet Radio 1560 live', 'info@vietradio.com']","['Jam Radio live', 'djplay@live.com']","[""KOKO Jammin' 94.3 live"", 'requests@jammin943.com']","[""Cleansing 60's live"", 'musikmann@cleansingmusic.com']","['Low Country Radio live', 'lowcountryradio@gmail.com']","['Magia Grupera 106.9 live', 'office@eaglemediagroup.net']","['WRRM Warm 98 FM live', 'brian.demay@cumulus.com']","['Z93 ziempre FM live', 'z93laredo@kjbz.com']","['WJWZ 97.9 Jamz live', 'rpeters@bluewaterbroadcasting.com']","['Musica Sonidera live', 'iieclipsemoon@gmail.com']","['WSCF 91.9 Christian FM live', 'connect@christianfm.com']","['LMAO (Comedy) - FadeFM.com live', 'info@fadefm.com']","['KRVR The River 105.5 FM live', 'Jim@KRVR.com']","['KKFR Power live', 'power983az@gmail.com']","['KCEP Power 88 FM live', 'info@power88lv.com']","['WBAM Bama Country 98.9 live', 'rpeters@bluewaterbroadcasting.com']","['The Smooth Guitar Place live', 'radioguitarone@gmail.com']","['Latin Mix Masters Radio live', 'latinmixmasters@gmail.com']","['Oldies WMVO live', 'curtisnewland@basbroadcasting.com']","['KFMW Rock 108 live', 'rockstudio@rock108.com']","['WKIT 100.3 live', 'wkit@zoneradio.com']","['WRQE Rocky 106.1 FM live', 'tmartin@forevermediainc.com']","['Konpa Agogo live', 'info@konpaagogo.com']","['KMKF K-Rock 101.5 live', 'sloan@purerock.com']","[""Cleansing 50's live"", 'musikmann@cleansingmusic.com']","['Radio Rumba Vacilon live', 'remigio228@gmail.com']","['KDPT-LP KIST Bronco Radio 102.9 and 107.7 FM live', 'jose.fierros@rinconbroadcasting.com']","['Bachata Radio live', 'Bachatapueblo1@gmail.com']","['NewsTalkSTL KLJY FM 101.9 - 99.1 HD3 live', 'info@newstalkstl.com']","['WSOX 96.1 SOX FM live', 'bobby.d@cumulus.com']","['Radio Bachata Cristiana FM live', 'radiobachatacristianafm@gmail.com']","['KZER Radio Lazer 106.5 FM y 1250 AM live', 'Info@LazerBroadcasting.com']","['WHOG 95.7 The Hog live', 'mgodard@sscdaytona.com']","['Voice of Punjab Radio live', 'voiceofpunjabradio@gmail.com']","['WNED Classical 94.5 FM live', 'news@wbfo.org']","['WDHA-FM 105.5 live', 'Terrie.Carr@bbgi.com']","['Oldies Radio Live 365 live', 'oldiesradiolive365@gmail.com']","['KBTT Tha Beat 103.7 FM live', 'quinn.echols@alphamediausa.com']","['WMAS 94.7 FM live', 'craig.swimm@entercom.com']","['Soft Hits 93.5 FM WAKR live', 'lkelly@rcrg.net']","['Powerhitz.com - Real RnB live', 'powerhitz@powerhitz.com']","['La Poderosa Radio live', 'rumbaatlanta@hotmail.com']","['WBLX 93 BLX live', 'The Hip Hop Lounge with Nick @ Nite']","['WAMA La Ley 1550 live', 'info@laleyradio.com']","['WLDE Classic Hits 101.7 live', 'captchris@wlde.com']","['WTRC News Talk 95.3 MNC live', 'news@953mnc.com']","['Dj Carlos Mix live', 'carlosnewmandj@gmail.com']","['WJTT Power 94.3 FM live', 'Keith@brewermediagroup.com']","['WCPE / WBUX / WURI The Classical Station 89.7 / 90.5 / 90.9 FM live', 'webmaster@TheClassicalStation.org']","['KAFR American Family Radio 88.3 FM live', 'faq@afa.net']","['La Radio Del Compadre live', 'laradiodelcompadre@gmail.com']","['98.9 WOKO live', 'mrgrasso@hallradio.net']","['WIZF The Wiz 101.1 FM (US Only) live', 'sharris@radio-one.com']","['Global RnB 96.3 live', 'globalrnb@gmail.com']","['KTIE AM 590 The Answer (US Only) live', 'info@am590theanswer.com']","['Gospel Music Explosion live', 'gospelmusicexplosion@gmail.com']","['Jesús Radio live', 'contacto@jesusradio.fm']","['WIPA NPR 91.9 FM live', 'engage@nprillinois.org']","['KQXL Q 106.5 FM live', 'socialmedia@q106dot5.com']","['Romantica Stereo con Dj Pajaro Herrera live', 'djpajaroherrera@gmail.com']","['WWGR Gator Country 101.9 live', 'it@rendabroadcasting.com']","['KBTA CBS Sports Radio The Ticket 1340 AM live', 'chadwrde@yahoo.com']","['KBRZ Sangeet Radio 95.1 FM live', 'info@sangeetradio.com']","['Radio Rock UK live', 'radiorockuk@yahoo.com']","['The Mellow Guitar Place live', 'radioguitarone@gmail.com']","['KCMS Spirit 105.3 FM live', 'comments@spirit1053.com']","['WACA Radio America live', 'info@radioamerica.net']","['United FM Radio Rock & Metal 24.7 live', 'unitedradiofm@gmail.com']","['Ecuador Radio Usa live', 'ecuadorradiousa@gmail.com']","['WBRU360 live', '360dj@wbru.com']","['LA-X Puros Éxitos live', 'laxpurosexitos@gmail.com']","['102.5 KSFM (US Only) live', 'justine.mccomb@entercom.com']","['Radio Latino Ecuador live', 'radiostereolatino@gmail.com']","['KKBZ 105.1 The Blaze FM live', 'mgunn@lotusfresno.com']","['WKKC 89.3 FM Chicago, Illinois live', 'athompsonjr@ccc.edu']"
"['WTWX Country 95.9 live', 'wtwx@wtwx.com']","['WKRU The 106.7 Big Dog FM live', 'Chris.Moreau@cumulus.com']","['KUNC 91.5 FM live', 'comment@kunc.org']","['LUV Radio Reggae Vybez live', 'luvradioflix@gmail.com']","['SUNRISE RADIO Hawaii live', 'anilgoyal.me@gmail.com']","['KIPR / KFOG Power 92 Jamz 92.3 FM & 1250 AM live', 'gena.wilfong@cumulus.com']","['United Public Radio & UFO Paranormal radio live', 'icar@cox.net']","['WMJM Magic 101.3 FM live', 'sarah.jordan@alphamediausa.com']","['93-7 The X Rocks! live', '937thex@gmail.com']","['WQED 89.3 FM WQEJ live', 'dacklin@wqed.org']","['WZSP La Zeta live', 'info@solmartmedia.com']","['Mexicana Stereo live', 'produccioneslevien@gmail.com']","['Tex-Mex Radio.com live', 'djtalento@gmail.com']","['Tally Latin Radio live', 'musica@tallylatinradio.com']","['WSOS Jax Country 94.1 FM live', 'jonathan@jacksonville.radio']","['La Maquina Musical live', 'lamaquinamusicalmx@gmail.com']","['WQLT Q107 live', 'Halley@brbdigital.com']","['The Vintage Guitar Place live', 'radioguitarone@gmail.com']","['Plenitud la Radio Adventista live', '12companerosdelcamino@gmail.com']","['AM 880 KIXI live', 'danm@kixi.com']"
"['WTWX Country 95.9 live', 'wtwx@wtwx.com']","['WKRU The 106.7 Big Dog FM live', 'Chris.Moreau@cumulus.com']","['KUNC 91.5 FM live', 'comment@kunc.org']","['LUV Radio Reggae Vybez live', 'luvradioflix@gmail.com']","['SUNRISE RADIO Hawaii live', 'anilgoyal.me@gmail.com']","['KIPR / KFOG Power 92 Jamz 92.3 FM & 1250 AM live', 'gena.wilfong@cumulus.com']","['United Public Radio & UFO Paranormal radio live', 'icar@cox.net']","['WMJM Magic 101.3 FM live', 'sarah.jordan@alphamediausa.com']","['93-7 The X Rocks! live', '937thex@gmail.com']","['WQED 89.3 FM WQEJ live', 'dacklin@wqed.org']","['WZSP La Zeta live', 'info@solmartmedia.com']","['Mexicana Stereo live', 'produccioneslevien@gmail.com']","['Tex-Mex Radio.com live', 'djtalento@gmail.com']","['Tally Latin Radio live', 'musica@tallylatinradio.com']","['WSOS Jax Country 94.1 FM live', 'jonathan@jacksonville.radio']","['La Maquina Musical live', 'lamaquinamusicalmx@gmail.com']","['WQLT Q107 live', 'Halley@brbdigital.com']","['The Vintage Guitar Place live', 'radioguitarone@gmail.com']","['Plenitud la Radio Adventista live', '12companerosdelcamino@gmail.com']","['AM 880 KIXI live', 'danm@kixi.com']","['La Jungla Urbana live', 'Lajunglaurbanaradio@gmail.com']","['Love Online live', 'aa@doubleavo.com']","['WYAB 103.9 FM live', 'info@wyab.com']","['US 106.1 live', 'dparker@us1061.com']","['Worship 95 live', 'Worship95@Audilous.com']","['WYEP 91.3 FM live', 'info@pittsburghcommunitybroadcasting.org']","['KSZR 97.5 The Vibe live', 'chanel.carrasco@cumulus.com']","['ATL Blaze Crunk City Radio Atlanta, GA - FadeFM.com live', 'info@atlblaze.com']","['KKEA ESPN 1420 AM live', 'info@espnhonolulu.com']","['Radio Clave USA live', 'radiolaunion2020@gmail.com']","['KEDB 105.3 live', 'edwin.brand@icloud.com']","['WYSO 91.3 FM live', 'wyso@wyso.org']","['KID / KIDG / KIDJ / KWIK Newsradio 590 / 1240 AM & 92.1 / 106.3 FM live', 'info@590kid.com']","['WQDC Rewind 97.7 FM live', 'contact@Rewind977.com']","['KPAM AM 860 The Answer live', 'contactus@theanswerportland.com']","['Radio Evangelica El Remanente live', 'remanentetx@gmail.com']","['95.3 WJPA live', 'email@wjpa.com']","['SUNRISE RADIO New York live', 'anilgoyal.me@gmail.com']","['WDEF Sunny 92.3 FM live', 'bbarker@wdefradio.com']","['93.1 WZAK (US Only) live', 'sharris@radio-one.com']","['WJKI 103.5 FM / WJKI 1320 AM / W275CX-FM 102.9 live', 'tracy@thevoiceradionetwork.com']","['Cafe Tropical Cristiana live', 'pastoresmelendez@outlook.com']"
"['WWFF 93.3 Nash Icon live', 'Steve.Smith@cumulus.com']","['WYSU Radio You Need to Know 88.5 FM live', 'info@wysu.org']","['JD Foxx Radio live', 'requests@jdfoxxradio.com']","['92.9 WBPM (US Only) live', 'miller@929wbpm.com']","['KWDD Wild 94.3 FM live', 'LFM@fbxradio.com']"
"['WTWX Country 95.9 live', 'wtwx@wtwx.com']","['WKRU The 106.7 Big Dog FM live', 'Chris.Moreau@cumulus.com']","['KUNC 91.5 FM live', 'comment@kunc.org']","['LUV Radio Reggae Vybez live', 'luvradioflix@gmail.com']","['SUNRISE RADIO Hawaii live', 'anilgoyal.me@gmail.com']","['KIPR / KFOG Power 92 Jamz 92.3 FM & 1250 AM live', 'gena.wilfong@cumulus.com']","['United Public Radio & UFO Paranormal radio live', 'icar@cox.net']","['WMJM Magic 101.3 FM live', 'sarah.jordan@alphamediausa.com']","['93-7 The X Rocks! live', '937thex@gmail.com']","['WQED 89.3 FM WQEJ live', 'dacklin@wqed.org']","['WZSP La Zeta live', 'info@solmartmedia.com']","['Mexicana Stereo live', 'produccioneslevien@gmail.com']","['Tex-Mex Radio.com live', 'djtalento@gmail.com']","['Tally Latin Radio live', 'musica@tallylatinradio.com']","['WSOS Jax Country 94.1 FM live', 'jonathan@jacksonville.radio']","['La Maquina Musical live', 'lamaquinamusicalmx@gmail.com']","['WQLT Q107 live', 'Halley@brbdigital.com']","['The Vintage Guitar Place live', 'radioguitarone@gmail.com']","['Plenitud la Radio Adventista live', '12companerosdelcamino@gmail.com']","['AM 880 KIXI live', 'danm@kixi.com']","['La Jungla Urbana live', 'Lajunglaurbanaradio@gmail.com']","['Love Online live', 'aa@doubleavo.com']","['WYAB 103.9 FM live', 'info@wyab.com']","['US 106.1 live', 'dparker@us1061.com']","['Worship 95 live', 'Worship95@Audilous.com']","['WYEP 91.3 FM live', 'info@pittsburghcommunitybroadcasting.org']","['KSZR 97.5 The Vibe live', 'chanel.carrasco@cumulus.com']","['ATL Blaze Crunk City Radio Atlanta, GA - FadeFM.com live', 'info@atlblaze.com']","['KKEA ESPN 1420 AM live', 'info@espnhonolulu.com']","['Radio Clave USA live', 'radiolaunion2020@gmail.com']","['KEDB 105.3 live', 'edwin.brand@icloud.com']","['WYSO 91.3 FM live', 'wyso@wyso.org']","['KID / KIDG / KIDJ / KWIK Newsradio 590 / 1240 AM & 92.1 / 106.3 FM live', 'info@590kid.com']","['WQDC Rewind 97.7 FM live', 'contact@Rewind977.com']","['KPAM AM 860 The Answer live', 'contactus@theanswerportland.com']","['Radio Evangelica El Remanente live', 'remanentetx@gmail.com']","['95.3 WJPA live', 'email@wjpa.com']","['SUNRISE RADIO New York live', 'anilgoyal.me@gmail.com']","['WDEF Sunny 92.3 FM live', 'bbarker@wdefradio.com']","['93.1 WZAK (US Only) live', 'sharris@radio-one.com']","['WJKI 103.5 FM / WJKI 1320 AM / W275CX-FM 102.9 live', 'tracy@thevoiceradionetwork.com']","['Cafe Tropical Cristiana live', 'pastoresmelendez@outlook.com']","['Louisiana Soul Radio live', 'MusicRadioNow247@gmail.com']","['KJHF 103.1 FM Hawaii Public Radio live', 'mail@hawaiipublicradio.org']","['KOGJ KAWZ CSN International 89.9 FM live', 'feedback@csnradio.com']","['KAFF 92.9 FM live', 'legal@kaff.com']","['KAFN Arkansas Rocks FM live', 'CBB: Ohio State @ (5) Michigan']","['97.5 R&B live', 'jb706713@gmail.com']","['WMNX Coast 97.3 FM live', 'elizabeth.dunn@cumulus.com']","['KCVI K-Bear 101.5 FM live', 'viktor@kbear.fm']","['Estereo 90s live', 'estereo90s@gmail.com']","['WQRK 105.5 Classic Hits live', 'superoldies@hotmail.com']","['Radio Casablanca live', 'info@radio-casablanca.com']","['WOI Iowa Public Radio News live', 'info@iowapublicradio.org']","['WIHS 104.9 FM live', 'wihs@snet.net']","['WMYM Unanimo Deportes live', 'editorial@unanimodeportes.com']","['WROX-FM 96X live', 'emily@96x.fm']","['WBUF 92.9 Jack FM live', 'dave.fields@townsquaremedia.com']"
